date,program,region,port_site,location,transect,vehicle,start,end,pauses,counted,transects_counted,note
2022-08-15,Port of Seattle,Elliott Bay,6,Centennial Park - Sirens of Spring monument,1,Nereo,,,,yes,1,
2022-08-15,Port of Seattle,Elliott Bay,6,Centennial Park - Sirens of Spring monument,2,Nereo,,,,yes,1,
2022-08-15,Port of Seattle,Elliott Bay,6,Centennial Park - Sirens of Spring monument,3,Nereo,,,,yes,1,
2022-08-15,Port of Seattle,Elliott Bay,6,Centennial Park - Sirens of Spring monument,4,Nereo,,,,yes,1,
2022-08-15,Port of Seattle,Elliott Bay,7,Centennial Park - Pocket Beach,1,Nereo,,,,yes,1,
2022-08-15,Port of Seattle,Elliott Bay,7,Centennial Park - Pocket Beach,2,Nereo,,,,yes,1,
2022-09-21,Other,Elliott Bay,,Pier 59,1,Nereo,,,,no,0,Pier 59/62 test or outreach flight
2022-09-26,Port of Seattle,Elliott Bay,5,Grain Elevator,1,Nereo,,,,yes,1,
2022-09-26,Port of Seattle,Elliott Bay,5,Grain Elevator,2,Nereo,,,,yes,1,
2022-09-26,Port of Seattle,Elliott Bay,5,Grain Elevator,3,Nereo,,,,yes,1,
2022-09-26,Port of Seattle,Elliott Bay,5,Grain Elevator,4,Nereo,,,,yes,1,
2022-09-26,Port of Seattle,Elliott Bay,5,Centennial Park,1,Nereo,,,,yes,1,
2022-09-26,Port of Seattle,Elliott Bay,5,Centennial Park,2,Nereo,,,,yes,1,
2022-09-29,Port of Seattle,Elliott Bay,,Elliott Bay Marina breakwater,1,Nereo,,,,yes,1,
2022-09-29,Port of Seattle,Elliott Bay,,Elliott Bay Marina breakwater,2,Nereo,,,,yes,1,
2022-09-29,Port of Seattle,Elliott Bay,,Elliott Bay Marina breakwater,3,Nereo,,,,yes,1,
2022-09-29,Port of Seattle,Elliott Bay,,Elliott Bay Marina breakwater,4,Nereo,,,,yes,1,
2022-09-29,Port of Seattle,Elliott Bay,,Elliott Bay Marina breakwater,5,Nereo,,,,yes,1,
2022-09-29,Port of Seattle,Elliott Bay,,Elliott Bay Marina breakwater,6,Nereo,,,,yes,1,
2022-09-29,Port of Seattle,Elliott Bay,,Elliott Bay Marina breakwater,7,Nereo,,,,yes,1,
2022-09-29,Port of Seattle,Elliott Bay,,Elliott Bay Marina breakwater,8,Nereo,,,,yes,1,
2022-09-30,Other,Elliott Bay,,Pier 62,NA,Nereo,,,,no,0,no transect flown (NA)
2022-10-06,Port of Seattle,Elliott Bay,1,Magnolia,1,Nereo,,,,yes,1,
2022-10-06,Port of Seattle,Elliott Bay,1,Magnolia,2,Nereo,,,,yes,1,
2022-10-06,Port of Seattle,Elliott Bay,1,Magnolia,3,Nereo,,,,yes,1,
2022-10-06,Port of Seattle,Elliott Bay,1,Magnolia,4,Nereo,,,,yes,1,
2022-10-10,Port of Seattle,Elliott Bay,,Elliott Bay Marina breakwater,1,Nereo,,,,yes,1,
2022-10-10,Port of Seattle,Elliott Bay,,Elliott Bay Marina breakwater,2,Nereo,,,,yes,1,
2022-10-10,Port of Seattle,Elliott Bay,,Elliott Bay Marina breakwater,3,Nereo,,,,yes,1,
2022-10-10,Port of Seattle,Elliott Bay,,Elliott Bay Marina breakwater,4,Nereo,,,,yes,1,
2022-10-10,Other,Elliott Bay,,Grain Elevator - Tire reef,NA,Nereo,,,,no,0,no transect flown (NA)
2022-10-11,Port of Seattle,Elliott Bay,8,East Waterway,1,Nereo,,,,yes,1,
2022-10-11,Port of Seattle,Elliott Bay,8,East Waterway,2,Nereo,,,,yes,1,
2022-10-11,Port of Seattle,Elliott Bay,8,East Waterway,3,Nereo,,,,yes,1,
2022-10-11,Port of Seattle,Elliott Bay,8,East Waterway,4,Nereo,,,,yes,1,
2022-10-19,Other,Fidalgo Island,,Anacortes - Burrows Island,NA,Nereo,,,,no,0,no transect flown (NA)
2022-10-20,Other,San Juan Islands,,Friday Harbor,NA,Nereo,,,,no,0,no transect flown (NA)
2022-10-20,Other,San Juan Islands,,Friday Harbor,NA,Nereo,,,,no,0,no transect flown (NA)
2022-10-20,Other,San Juan Islands,,Friday Harbor,NA,Nereo,,,,no,0,no transect flown (NA)
2022-11-03,Other,Elliott Bay,,Pier 59,NA,Nereo,,,,no,0,no transect flown (NA)
2022-11-23,Other,Elliott Bay,,Pier 59,NA,Nereo,,,,no,0,no transect flown (NA)
2022-11-30,Other,Other,,Cathlamet,NA,Nereo,,,,no,0,no transect flown (NA)
2022-12-06,Other,Elliott Bay,,Pier 59,NA,Nereo,,,,no,0,no transect flown (NA)
2023-01-11,Other,Elliott Bay,,Pier 59,NA,Nereo,,,,no,0,no transect flown (NA)
2023-01-16,Other,Elliott Bay,,Pier 59,NA,Nereo,,,,no,0,no transect flown (NA)
2023-01-23,Port of Seattle,Elliott Bay,,Pocket Beach,1,Nereo,,,,yes,1,
2023-01-23,Port of Seattle,Elliott Bay,,Pocket Beach,2,Nereo,,,,yes,1,
2023-01-23,Port of Seattle,Elliott Bay,,Pocket Beach,3,Nereo,,,,yes,1,
2023-01-23,Port of Seattle,Elliott Bay,,Pocket Beach,4,Nereo,,,,yes,1,
2023-01-24,Port of Seattle,Elliott Bay,,Sirens of Spring,1,Nereo,,,,yes,1,
2023-01-24,Port of Seattle,Elliott Bay,,Sirens of Spring,2,Nereo,,,,yes,1,
2023-01-24,Port of Seattle,Elliott Bay,,Sirens of Spring,3,Nereo,,,,yes,1,
2023-01-30,Port of Seattle,Elliott Bay,6,Sirens of Spring,2,Lutris,,,,yes,1,
2023-01-30,Port of Seattle,Elliott Bay,6,Sirens of Spring,3,Lutris,,,,yes,1,
2023-01-30,Port of Seattle,Elliott Bay,6,Sirens of Spring,4,Lutris,,,,yes,1,
2023-01-30,Port of Seattle,Elliott Bay,7,Pocket Beach,1,Lutris,,,,yes,1,
2023-01-30,Port of Seattle,Elliott Bay,7,Pocket Beach,2,Lutris,,,,yes,1,
2023-03-30,Port of Seattle,Elliott Bay,1,Magnolia,1,Nereo,,,,yes,1,
2023-03-30,Port of Seattle,Elliott Bay,1,Magnolia,2,Nereo,,,,yes,1,
2023-03-30,Port of Seattle,Elliott Bay,1,Magnolia,3,Nereo,,,,yes,1,
2023-03-30,Port of Seattle,Elliott Bay,1,Magnolia,4,Nereo,,,,yes,1,
2023-04-03,Port of Seattle,Elliott Bay,4,EBM East,1,Nereo,,,,yes,1,
2023-04-03,Port of Seattle,Elliott Bay,4,EBM East,2,Nereo,,,,yes,1,
2023-04-03,Port of Seattle,Elliott Bay,4,EBM East,3,Nereo,,,,yes,1,
2023-04-03,Port of Seattle,Elliott Bay,4,EBM East,4,Nereo,,,,yes,1,
2023-04-12,Port of Seattle,Elliott Bay,7,Pocket Beach,1,Nereo,,,,yes,1,
2023-04-12,Port of Seattle,Elliott Bay,7,Pocket Beach,2,Nereo,,,,yes,1,
2023-04-19,Port of Seattle,Elliott Bay,3,EBM Central,1,Nereo,,,,yes,1,
2023-04-19,Port of Seattle,Elliott Bay,3,EBM Central,2,Nereo,,,,yes,1,
2023-04-21,Other,Elliott Bay,,Pier 62,1,Nereo,,,,no,0,Pier 59/62 test or outreach flight
2023-05-04,Olympic Coast,Strait of Juan de Fuca,,Neah Bay,1,Lutris,,,,no,0,partner demonstration flight
2023-05-15,Other,Central Puget Sound,,Kingston,1,Nereo,,,,no,0,partner demonstration flight
2023-05-23,Other,Elliott Bay,,Pier 59,1,Nereo,,,,no,0,Pier 59/62 test or outreach flight
2023-05-31,Other,Elliott Bay,,Pier 59,1,Nereo,,,,no,0,Pier 59/62 test or outreach flight
2023-06-06,Other,Elliott Bay,,,1,Nereo,,,,no,0,test flight (no location recorded)
2023-06-29,Olympic Coast,Strait of Juan de Fuca,,Neah Bay,1,Nereo,,,,no,0,partner demonstration flight
2023-07-10,Other,Elliott Bay,,Pier 59,1,Nereo,,,,no,0,Pier 59/62 test or outreach flight
2023-09-06,Port of Seattle,Elliott Bay,7,Pocket Beach,1,Lutris,,,,yes,1,
2023-09-06,Port of Seattle,Elliott Bay,7,Pocket Beach,2,Lutris,,,,yes,1,
2023-09-06,Port of Seattle,Elliott Bay,7,Pocket Beach,3,Lutris,,,,yes,1,
2023-09-08,Port of Seattle,Elliott Bay,6,Sirens of Spring,1,Lutris,,,,yes,1,
2023-09-08,Port of Seattle,Elliott Bay,6,Sirens of Spring,2,Lutris,,,,yes,1,
2023-09-08,Port of Seattle,Elliott Bay,6,Sirens of Spring,3,Lutris,,,,yes,1,
2023-09-08,Port of Seattle,Elliott Bay,6,Sirens of Spring,4,Lutris,,,,yes,1,
2023-09-12,Port of Seattle,Elliott Bay,8,East Waterway,1,Lutris,,,,yes,1,
2023-09-12,Port of Seattle,Elliott Bay,8,East Waterway,2,Lutris,,,,yes,1,
2023-09-12,Port of Seattle,Elliott Bay,8,East Waterway,3,Lutris,,,,yes,1,
2023-09-12,Port of Seattle,Elliott Bay,8,East Waterway,4,Lutris,,,,yes,1,
2023-09-13,Port of Seattle,Elliott Bay,1,Magnolia,1,Lutris,,,,yes,1,
2023-09-13,Port of Seattle,Elliott Bay,1,Magnolia,2,Lutris,,,,yes,1,
2023-09-13,Port of Seattle,Elliott Bay,1,Magnolia,3,Lutris,,,,yes,1,
2023-09-13,Port of Seattle,Elliott Bay,1,Magnolia,4,Lutris,,,,yes,1,
2023-09-14,Port of Seattle,Elliott Bay,3,EBM Central,1,Lutris,,,,yes,1,
2023-09-14,Port of Seattle,Elliott Bay,3,EBM Central,2,Lutris,,,,yes,1,
2023-09-14,Port of Seattle,Elliott Bay,3,EBM Central,3,Lutris,,,,yes,1,
2023-09-14,Port of Seattle,Elliott Bay,3,EBM Central,4,Lutris,,,,yes,1,
2023-09-15,Port of Seattle,Elliott Bay,5,Grain Elevator,1,Lutris,,,,yes,1,
2023-09-15,Port of Seattle,Elliott Bay,5,Grain Elevator,2,Lutris,,,,yes,1,
2023-09-15,Port of Seattle,Elliott Bay,5,Grain Elevator,3,Lutris,,,,yes,1,
2023-09-15,Port of Seattle,Elliott Bay,5,Grain Elevator,4,Lutris,,,,yes,1,
2023-09-21,Olympic Coast,Strait of Juan de Fuca,,Neah Bay - Seal Rock,1,Lutris,,,,yes,1,
2023-09-21,Olympic Coast,Strait of Juan de Fuca,,Neah Bay - Mushroom rock,1,Lutris,,,,yes,1,
2023-09-21,Olympic Coast,Strait of Juan de Fuca,,Neah Bay - … Point,1,Lutris,,,,yes,1,
2023-09-22,Olympic Coast,Strait of Juan de Fuca,,Neah Bay - Mushroom rock,1,Lutris,,,,yes,1,
2023-09-22,Olympic Coast,Strait of Juan de Fuca,,Neah Bay - South of Mushroom rock,1,Lutris,,,,yes,1,
2023-09-22,Olympic Coast,Strait of Juan de Fuca,,Neah Bay - Wadaah (RF site 5),1,Lutris,,,,yes,1,
2023-10-10,Port of Seattle,Elliott Bay,4,EBM East,1,Lutris,,,,yes,1,
2023-10-10,Port of Seattle,Elliott Bay,4,EBM East,2,Lutris,,,,yes,1,
2023-10-10,Port of Seattle,Elliott Bay,4,EBM East,3,Lutris,,,,yes,1,
2023-10-10,Port of Seattle,Elliott Bay,4,EBM East,4,Lutris,,,,yes,1,
2023-10-10,Port of Seattle,Elliott Bay,2,EBM West,1,Lutris,,,,yes,1,
2023-10-10,Port of Seattle,Elliott Bay,2,EBM West,2,Lutris,,,,yes,1,
2023-10-10,Port of Seattle,Elliott Bay,2,EBM West,3,Lutris,,,,yes,1,
2023-10-10,Port of Seattle,Elliott Bay,2,EBM West,4,Lutris,,,,yes,1,
2024-01-23,Port of Seattle,Elliott Bay,1,Magnolia,1,Lutris,,,,yes,1,
2024-01-23,Port of Seattle,Elliott Bay,1,Magnolia,2,Lutris,,,,yes,1,
2024-01-23,Port of Seattle,Elliott Bay,1,Magnolia,3,Lutris,,,,yes,1,
2024-01-23,Port of Seattle,Elliott Bay,1,Magnolia,4,Lutris,,,,yes,1,
2024-01-26,Port of Seattle,Elliott Bay,6,Sirens of Spring,1,Lutris,,,,yes,1,
2024-01-26,Port of Seattle,Elliott Bay,6,Sirens of Spring,2,Lutris,,,,yes,1,
2024-01-26,Port of Seattle,Elliott Bay,6,Sirens of Spring,3,Lutris,,,,yes,1,
2024-01-26,Port of Seattle,Elliott Bay,6,Sirens of Spring,4,Lutris,,,,yes,1,
2024-01-26,Port of Seattle,Elliott Bay,6,Sirens of Spring,5,Lutris,,,,yes,1,
2024-02-01,Port of Seattle,Elliott Bay,1,Magnolia,1,Lutris,,,,no,0,DVL drift test
2024-02-02,Port of Seattle,Elliott Bay,6,Sirens of Spring,1,Lutris,,,,yes,1,
2024-02-02,Port of Seattle,Elliott Bay,6,Sirens of Spring,2,Lutris,,,,yes,1,
2024-02-02,Port of Seattle,Elliott Bay,6,Sirens of Spring,3,Lutris,,,,yes,1,
2024-02-02,Port of Seattle,Elliott Bay,6,Sirens of Spring,4,Lutris,,,,yes,1,
2024-02-02,Port of Seattle,Elliott Bay,7,Pocket Beach,1,Lutris,,,,yes,1,
2024-02-02,Port of Seattle,Elliott Bay,7,Pocket Beach,2,Lutris,,,,yes,1,
2024-02-02,Port of Seattle,Elliott Bay,7,Pocket Beach,3,Lutris,,,,yes,1,
2024-02-02,Port of Seattle,Elliott Bay,7,Pocket Beach,4,Lutris,,,,yes,1,
2024-02-27,Port of Seattle,Elliott Bay,3,EBM Central,1,Lutris,,,,yes,1,
2024-03-21,HSIL,Central Puget Sound; Elliott Bay,,Jefferson Head and Centennial Park (Sirens of Spring),1,Lutris,,,,yes,1,
2024-03-21,HSIL,Central Puget Sound; Elliott Bay,,Jefferson Head and Centennial Park (Sirens of Spring),2,Lutris,,,,yes,1,
2024-03-21,HSIL,Central Puget Sound; Elliott Bay,,Jefferson Head and Centennial Park (Sirens of Spring),3,Lutris,,,,yes,1,
2024-03-21,HSIL,Central Puget Sound; Elliott Bay,,Jefferson Head and Centennial Park (Sirens of Spring),4,Lutris,,,,yes,1,
2024-05-20,HSIL,Central Puget Sound,,Jefferson Head,1,Lutris,,,,no,0,short or aborted dive
2024-07-11,HSIL,Central Puget Sound,,Jefferson Head,1,Nereo,,,,no,0,short or aborted dive
2024-09-10,Port of Seattle,Elliott Bay,1,Magnolia,1,Lutris,11:58:33,12:07:37,,yes,1,
2024-09-10,Port of Seattle,Elliott Bay,1,Magnolia,2,Lutris,12:15:13,12:24:45,,yes,1,
2024-09-10,Port of Seattle,Elliott Bay,1,Magnolia,3,Lutris,12:34:41,12:43:50,,yes,1,
2024-09-10,Port of Seattle,Elliott Bay,1,Magnolia,4,Lutris,13:06:13,13:15:17,,yes,1,
2024-09-11,Port of Seattle,Elliott Bay,6,Sirens of Spring,1,Lutris,13:11:45,13:20:53,,yes,1,
2024-09-11,Port of Seattle,Elliott Bay,6,Sirens of Spring,2,Lutris,13:26:51,13:32:52,,yes,1,
2024-09-11,Port of Seattle,Elliott Bay,6,Sirens of Spring,3,Lutris,13:37:35,13:47:11,,yes,1,
2024-09-11,Port of Seattle,Elliott Bay,6,Sirens of Spring,4,Lutris,13:55:57,14:03:39,,yes,1,
2024-09-13,HSIL,San Juan Islands,,Deadman's Bay,1,Nereo,,,,yes,1,
2024-09-23,Port of Seattle,Elliott Bay,3,EBM Central,1,Lutris,10:42:50,10:51:09,,yes,1,
2024-09-23,Port of Seattle,Elliott Bay,3,EBM Central,2,Lutris,10:53:09,11:03:01,,yes,1,
2024-09-23,Port of Seattle,Elliott Bay,3,EBM Central,3,Lutris,11:07:03,11:12:05,,yes,1,
2024-09-23,Port of Seattle,Elliott Bay,3,EBM Central,4,Lutris,11:22:23,11:34:05,,yes,1,
2024-09-24,HSIL,Elliott Bay,,Elliott Bay Marina breakwater,1,Lutris,,,,yes,1,
2024-09-24,HSIL,Elliott Bay,,Elliott Bay Marina breakwater,2,Lutris,,,,yes,1,
2024-09-25,Port of Seattle,Elliott Bay,8,East Waterway,1,Lutris,11:16:34,11:26:17,,yes,1,
2024-09-25,Port of Seattle,Elliott Bay,8,East Waterway,2,Lutris,11:30:02,11:34:36,,yes,1,
2024-09-25,Port of Seattle,Elliott Bay,8,East Waterway,3,Lutris,11:44:30,11:52:17,,yes,1,
2024-09-25,Port of Seattle,Elliott Bay,8,East Waterway,4,Lutris,12:00:58,12:10:47,,yes,1,
2024-09-26,Port of Seattle,Elliott Bay,4,EBM East,1,Lutris,13:01:09,13:11:59,,yes,1,
2024-09-26,Port of Seattle,Elliott Bay,4,EBM East,2,Lutris,13:20:21,13:30:00,,yes,1,
2024-09-26,Port of Seattle,Elliott Bay,4,EBM East,3,Lutris,13:41:38,13:51:40,,yes,1,
2024-09-26,Port of Seattle,Elliott Bay,4,EBM East,4,Lutris,14:00:15,14:10:14,,yes,1,
2024-10-07,Port of Seattle,Elliott Bay,7,Pocket Beach,1,Lutris,09:44:18,09:53:55,,yes,1,
2024-10-07,Port of Seattle,Elliott Bay,7,Pocket Beach,2,Lutris,09:57:30,10:07:46,,yes,1,
2024-10-07,Port of Seattle,Elliott Bay,7,Pocket Beach,3,Lutris,10:09:32,10:20:13,,yes,1,
2024-10-07,Port of Seattle,Elliott Bay,7,Pocket Beach,4,Lutris,10:24:59,10:32:42,,yes,1,
2024-10-07,Port of Seattle,Elliott Bay,5,Grain Elevator,1,Lutris,11:14:29,11:24:20,,yes,1,
2024-10-07,Port of Seattle,Elliott Bay,5,Grain Elevator,2,Lutris,11:27:46,11:37:45,,yes,1,
2024-10-07,Port of Seattle,Elliott Bay,5,Grain Elevator,3,Lutris,11:40:00,11:49:00,,yes,1,
2024-10-07,Port of Seattle,Elliott Bay,5,Grain Elevator,4,Lutris,11:51:42,12:01:30,,yes,1,
2024-10-08,HSIL,Elliott Bay,,Centennial Park,1,Lutris,10:07:41,10:40:07,10:13:50 - 10:35:52,yes,1,
2024-10-08,HSIL,Elliott Bay,,Centennial Park,2,Lutris,10:14:38,10:35:04,10:20:36 - 10:30:24,yes,1,
2024-10-08,HSIL,Elliott Bay,,Centennial Park,3,Lutris,10:21:48,10:29:39,,yes,1,
2024-10-08,HSIL,Elliott Bay,,Centennial Park,4,Lutris,11:32:32,12:08:16,11:37:03 - 12:03:46,yes,1,
2024-10-08,HSIL,Elliott Bay,,Centennial Park,5,Lutris,11:38:24,12:03:07,11:44:15 - 11:57:52,yes,1,
2024-10-08,HSIL,Elliott Bay,,Centennial Park,6,Lutris,11:45:00,11:57:13,,yes,1,
2024-10-09,HSIL,Elliott Bay,,Elliott Bay Marina breakwater,1,Lutris,10:12:02,10:17:35,,yes,1,
2024-10-09,HSIL,Elliott Bay,,Elliott Bay Marina breakwater,2,Lutris,10:17:38,10:23:09,,yes,1,
2024-10-09,HSIL,Elliott Bay,,Elliott Bay Marina breakwater,3,Lutris,10:23:33,10:33:21,,yes,1,
2024-10-09,HSIL,Elliott Bay,,Elliott Bay Marina breakwater,4,Lutris,11:36:24,12:09:59,11:41:25 - 12:06:05,yes,1,
2024-10-09,HSIL,Elliott Bay,,Elliott Bay Marina breakwater,5,Lutris,11:42:22,12:14:18,11:47:34 - 12:10:50,yes,1,
2024-10-09,HSIL,Elliott Bay,,Elliott Bay Marina breakwater,6,Lutris,11:48:19,12:23:42,11:53:25 - 12:20:03,yes,1,
2024-10-10,HSIL,Central Puget Sound,,Jefferson Head,1,Lutris,12:09:31,12:19:20,,yes,1,
2024-10-10,HSIL,Central Puget Sound,,Jefferson Head,2,Lutris,12:31:39,12:42:48,,yes,1,
2024-10-10,HSIL,Central Puget Sound,,Jefferson Head,3,Lutris,12:43:52,12:53:35,,yes,1,
2024-10-10,HSIL,Central Puget Sound,,Jefferson Head,4,Lutris,12:54:41,13:03:00,,yes,1,
2024-10-11,Port of Seattle,Elliott Bay,2,EBM West,1,Lutris,13:09:29,13:19:27,,yes,1,
2024-10-11,Port of Seattle,Elliott Bay,2,EBM West,2,Lutris,13:20:37,13:30:08,,yes,1,
2024-10-11,Port of Seattle,Elliott Bay,2,EBM West,3,Lutris,13:33:42,13:42:00,,yes,1,
2024-10-11,Port of Seattle,Elliott Bay,2,EBM West,4,Lutris,13:50:28,14:00:27,,yes,1,
2024-12-03,HSIL,San Juan Islands,,S. Shaw Island,deep 1,Lutris,11:06:37,11:27:50,,yes,6,diver-ROV day: 4 field passes processed as six 30 m transects (all 6 counted here)
2024-12-03,HSIL,San Juan Islands,,S. Shaw Island,deep 2,Lutris,11:28:47,11:47:20,,yes,0,field pass (counted in the day's first row)
2024-12-03,HSIL,San Juan Islands,,S. Shaw Island,shallow 1,Lutris,12:21:43,12:40:18,,yes,0,field pass (counted in the day's first row)
2024-12-03,HSIL,San Juan Islands,,S. Shaw Island,shallow 2,Lutris,12:41:42,13:00:02,,yes,0,field pass (counted in the day's first row)
2024-12-05,HSIL,San Juan Islands,,N. Satellite Island,deep 1,Lutris,10:23:13,10:46:35,,yes,6,diver-ROV day: 4 field passes processed as six 30 m transects (all 6 counted here)
2024-12-05,HSIL,San Juan Islands,,N. Satellite Island,deep 2,Lutris,10:48:18,11:10:10,,yes,0,field pass (counted in the day's first row)
2024-12-05,HSIL,San Juan Islands,,N. Satellite Island,shallow 1,Lutris,11:56:10,12:12:08,,yes,0,field pass (counted in the day's first row)
2024-12-05,HSIL,San Juan Islands,,N. Satellite Island,shallow 2,Lutris,12:21:58,12:44:46,,yes,0,field pass (counted in the day's first row)
2025-01-06,Port of Seattle,Elliott Bay,6,Sirens of Spring,1,Lutris,13:18:44,13:29:03,,yes,1,
2025-01-06,Port of Seattle,Elliott Bay,6,Sirens of Spring,2,Lutris,13:31:34,13:41:35,,yes,1,
2025-01-06,Port of Seattle,Elliott Bay,6,Sirens of Spring,3,Lutris,13:43:00,13:54:16,,yes,1,
2025-01-06,Port of Seattle,Elliott Bay,6,Sirens of Spring,4,Lutris,13:56:40,14:06:42,,yes,1,
2025-01-08,Port of Seattle,Elliott Bay,1,Magnolia,1,Lutris,09:45:06,09:55:08,,yes,1,
2025-01-08,Port of Seattle,Elliott Bay,1,Magnolia,2,Lutris,09:56:15,10:06:02,,yes,1,
2025-01-08,Port of Seattle,Elliott Bay,1,Magnolia,3,Lutris,10:09:29,10:20:40,10:18:13 - 10:19:55,yes,1,
2025-01-08,Port of Seattle,Elliott Bay,1,Magnolia,4,Lutris,10:24:26,10:34:30,,yes,1,
2025-01-08,Port of Seattle,Elliott Bay,2,EBM West,1,Lutris,11:28:03,11:38:08,,yes,1,
2025-01-08,Port of Seattle,Elliott Bay,2,EBM West,2,Lutris,11:39:34,11:49:40,,yes,1,
2025-01-08,Port of Seattle,Elliott Bay,2,EBM West,3,Lutris,11:58:02,12:08:28,,yes,1,
2025-01-08,Port of Seattle,Elliott Bay,2,EBM West,4,Lutris,12:10:10,12:20:45,,yes,1,
2025-01-13,Port of Seattle,Elliott Bay,3,EBM Central,1,Lutris,09:40:57,09:50:58,,yes,1,
2025-01-13,Port of Seattle,Elliott Bay,3,EBM Central,2,Lutris,09:53:25,10:02:37,,yes,1,
2025-01-13,Port of Seattle,Elliott Bay,3,EBM Central,3,Lutris,10:05:21,10:15:30,,yes,1,
2025-01-13,Port of Seattle,Elliott Bay,3,EBM Central,4,Lutris,10:17:47,10:28:41,,yes,1,
2025-01-13,Port of Seattle,Elliott Bay,4,EBM East,1,Lutris,11:14:46,11:24:50,,yes,1,
2025-01-13,Port of Seattle,Elliott Bay,4,EBM East,2,Lutris,11:27:07,11:37:22,,yes,1,
2025-01-13,Port of Seattle,Elliott Bay,4,EBM East,3,Lutris,11:39:14,11:50:36,"11:43:00-11:43:35, 11:44:30-11:45:25",yes,1,
2025-01-13,Port of Seattle,Elliott Bay,4,EBM East,4,Lutris,11:52:16,12:02:18,,yes,1,
2025-01-21,Port of Seattle,Elliott Bay,8,Coast Guard Station,1,Lutris,09:17:05,09:27:21,,yes,1,
2025-01-21,Port of Seattle,Elliott Bay,8,Coast Guard Station,2,Lutris,09:29:03,09:39:24,,yes,1,
2025-01-21,Port of Seattle,Elliott Bay,8,Coast Guard Station,3,Lutris,09:41:02,09:48:51,,yes,1,
2025-01-21,Port of Seattle,Elliott Bay,8,Coast Guard Station,4,Lutris,09:52:28,10:02:25,,yes,1,
2025-01-22,Port of Seattle,Elliott Bay,7,Pocket Beach,1,Lutris,09:19:33,09:29:34,,yes,1,
2025-01-22,Port of Seattle,Elliott Bay,7,Pocket Beach,2,Lutris,09:33:51,09:43:55,,yes,1,
2025-01-22,Port of Seattle,Elliott Bay,7,Pocket Beach,3,Lutris,09:45:48,09:55:49,,yes,1,
2025-01-22,Port of Seattle,Elliott Bay,7,Pocket Beach,4,Lutris,09:58:23,10:08:25,,yes,1,
2025-01-22,Port of Seattle,Elliott Bay,5,Grain Elevator,1,Lutris,10:34:56,10:44:47,,yes,1,
2025-01-22,Port of Seattle,Elliott Bay,5,Grain Elevator,2,Lutris,10:48:26,10:58:41,,yes,1,
2025-01-22,Port of Seattle,Elliott Bay,5,Grain Elevator,3,Lutris,11:00:41,11:10:46,,yes,1,
2025-01-22,Port of Seattle,Elliott Bay,5,Grain Elevator,4,Lutris,11:12:12,11:22:16,,yes,1,
2025-01-23,HSIL,Central Puget Sound,,Jefferson Head,1,Lutris,10:14:00,10:27:30,,yes,1,
2025-01-23,HSIL,Central Puget Sound,,Jefferson Head,2,Lutris,10:29:46,10:45:19,,yes,1,
2025-01-23,HSIL,Central Puget Sound,,Jefferson Head,3,Lutris,10:47:46,11:03:15,,yes,1,
2025-01-23,HSIL,Central Puget Sound,,Jefferson Head,4,Lutris,11:08:06,11:22:57,,yes,1,
2025-01-27,HSIL,Elliott Bay,,Sirens of Spring,deep 1,Lutris,10:02:14,10:22:22,,yes,6,diver-ROV day: 4 field passes processed as six 30 m transects (all 6 counted here)
2025-01-27,HSIL,Elliott Bay,,Sirens of Spring,deep 2,Lutris,10:25:26,10:46:15,,yes,0,field pass (counted in the day's first row)
2025-01-27,HSIL,Elliott Bay,,Sirens of Spring,shallow 3,Lutris,11:23:48,11:43:36,11:28:30-11:29:30,yes,0,field pass (counted in the day's first row)
2025-01-27,HSIL,Elliott Bay,,Sirens of Spring,shallow 4,Lutris,11:34:36,12:03:29,,yes,0,field pass (counted in the day's first row)
2025-01-28,HSIL,Elliott Bay,,EBM Central,deep 1,Lutris,10:06:47,10:27:15,,yes,6,diver-ROV day: 4 field passes processed as six 30 m transects (all 6 counted here)
2025-01-28,HSIL,Elliott Bay,,EBM Central,deep 2,Lutris,10:27:52,10:47:11,,yes,0,field pass (counted in the day's first row)
2025-01-28,HSIL,Elliott Bay,,EBM Central,shallow 3,Lutris,11:20:36,11:41:58,,yes,0,field pass (counted in the day's first row)
2025-01-28,HSIL,Elliott Bay,,EBM Central,shallow 4,Lutris,11:42:52,12:05:40,,yes,0,field pass (counted in the day's first row)
2025-06-25,Olympic Coast,Strait of Juan de Fuca,,Tatoosh Island,NA,Nereo,NA,NA,NA,no,0,no transect flown (NA)
2025-08-01,Olympic Coast,Strait of Juan de Fuca,,Koitlah Pt,NA,Lutris,NA,NA,NA,no,0,no transect flown (NA)
2025-08-02,Olympic Coast,Strait of Juan de Fuca,,Site 5 V1,NA,Lutris,NA,NA,NA,no,0,no transect flown (NA)
2025-08-02,Olympic Coast,Strait of Juan de Fuca,,Mushroom Rock,NA,Lutris,NA,NA,NA,no,0,no transect flown (NA)
2025-08-02,Olympic Coast,Strait of Juan de Fuca,,Site 5 V2,NA,Lutris,NA,NA,NA,no,0,no transect flown (NA)
2025-08-13,Port of Seattle,Elliott Bay,,Sirens of Spring,1,Lutris,12:18:16,12:32:00,,yes,1,
2025-08-13,Port of Seattle,Elliott Bay,,Sirens of Spring,2,Lutris,12:47:55,12:57:18,,yes,1,
2025-08-13,Port of Seattle,Elliott Bay,,Sirens of Spring,3,Lutris,13:26:09,13:38:25,,yes,1,
2025-08-13,Port of Seattle,Elliott Bay,,Sirens of Spring,4,Lutris,13:38:26,13:58:28,,yes,1,
2025-08-13,Port of Seattle,Elliott Bay,,Sirens of Spring,5,Lutris,14:04:50,14:17:50,,yes,1,
2025-08-14,Port of Seattle,Elliott Bay,,Pocket Beach,1,Lutris,09:11:08,09:21:32,,yes,1,
2025-08-14,Port of Seattle,Elliott Bay,,Pocket Beach,2,Lutris,09:27:35,09:39:14,,yes,1,
2025-08-14,Port of Seattle,Elliott Bay,,Pocket Beach,3,Lutris,09:43:46,09:55:48,,yes,1,
2025-08-14,Port of Seattle,Elliott Bay,,Pocket Beach,4,Lutris,10:35:52,10:45:44,,yes,1,
2025-08-14,Port of Seattle,Elliott Bay,,Pocket Beach,5,Lutris,10:54:33,11:05:59,,yes,1,
2025-08-14,Port of Seattle,Elliott Bay,,Pocket Beach,6,Lutris,11:10:35,11:28:18,,yes,1,
2025-08-28,HSIL,Elliott Bay,,EBM Central,1,Lutris,09:44:14,10:00:35,,yes,1,
2025-08-28,HSIL,Elliott Bay,,EBM Central,2,Lutris,10:01:24,10:19:05,,yes,1,
2025-08-28,HSIL,Elliott Bay,,EBM Central,3,Lutris,11:34:05,11:52:11,,yes,1,
2025-08-28,HSIL,Elliott Bay,,EBM Central,4,Lutris,11:55:25,12:28:04,,yes,1,
2025-08-29,HSIL,Elliott Bay,,Centennial Park,1,Lutris,09:35:43,09:49:45,,yes,6,diver-ROV day: 4 field passes processed as six 30 m transects (all 6 counted here)
2025-08-29,HSIL,Elliott Bay,,Centennial Park,2,Lutris,09:54:36,10:09:13,,yes,0,field pass (counted in the day's first row)
2025-08-29,HSIL,Elliott Bay,,Centennial Park,3,Lutris,11:07:50,11:26:15,,yes,0,field pass (counted in the day's first row)
2025-08-29,HSIL,Elliott Bay,,Centennial Park,4,Lutris,11:27:56,11:46:26,,yes,0,field pass (counted in the day's first row)
2025-09-02,Port of Seattle,Elliott Bay,,Fish pens & Grain Elevator,1,Lutris,09:22:30,09:35:03,,yes,1,
2025-09-02,Port of Seattle,Elliott Bay,,Fish pens & Grain Elevator,2,Lutris,09:43:01,09:53:36,,yes,1,
2025-09-02,Port of Seattle,Elliott Bay,,Fish pens & Grain Elevator,3,Lutris,09:59:26,10:09:01,,yes,1,
2025-09-02,Port of Seattle,Elliott Bay,,Fish pens & Grain Elevator,4,Lutris,10:52:32,11:07:26,,yes,1,
2025-09-02,Port of Seattle,Elliott Bay,,Fish pens & Grain Elevator,5,Lutris,11:18:39,11:32:02,,yes,1,
2025-09-02,Port of Seattle,Elliott Bay,,Fish pens & Grain Elevator,6,Lutris,11:44:18,11:55:33,,yes,1,
2025-09-10,Port of Seattle,Elliott Bay,,N. Grain Elevator,1,Lutris,09:23:50,09:34:49,,yes,1,
2025-09-10,Port of Seattle,Elliott Bay,,N. Grain Elevator,2,Lutris,09:41:26,09:48:28,,yes,1,
2025-09-10,Port of Seattle,Elliott Bay,,N. Grain Elevator,3,Lutris,09:53:31,10:00:19,,yes,1,
2025-09-10,Port of Seattle,Elliott Bay,,N. Grain Elevator,error,Lutris,10:51:25,camera error,,no,0,aborted (camera error)
2025-09-10,Port of Seattle,Elliott Bay,,N. Grain Elevator,error,Lutris,11:07:58,camera error,,no,0,aborted (camera error)
2025-09-26,HSIL,San Juan Islands,,Satellite Island,T1_deep,Lutris/Nereo,10:50:25,11:16:07,11:06:46 - 11:14:00,yes,1,
2025-09-26,HSIL,San Juan Islands,,Satellite Island,T2_deep,Lutris/Nereo,11:18:16,11:39:41,11:33:40 - 11:36:40,yes,1,
2025-09-26,HSIL,San Juan Islands,,Satellite Island,T3_shallow_pt1,Lutris/Nereo,12:39:36,12:56:00,12:50:11 - 12:53:20,yes,1,
2025-09-26,HSIL,San Juan Islands,,Satellite Island,T3_shallow_pt2,Lutris/Nereo,14:35:18,14:42:25,,no,0,second part of a split transect (counted with part 1)
2025-09-26,HSIL,San Juan Islands,,Satellite Island,T4_shallow,Lutris/Nereo,14:16:23,14:34:16,,yes,1,
2025-09-27,HSIL,San Juan Islands,,Shaw Island,T1_shallow,Nereo,12:04:25,12:18:40,,yes,1,
2025-09-27,HSIL,San Juan Islands,,Shaw Island,T2_shallow,Nereo,12:21:21,12:36:53,,yes,1,
2025-09-27,HSIL,San Juan Islands,,Shaw Island,T3_deep,Nereo,13:00:19,13:14:20,,yes,1,
2025-09-27,HSIL,San Juan Islands,,Shaw Island,T4_deep,Nereo,13:16:05,13:30:49,,yes,1,
2025-10-08,Port of Seattle,Elliott Bay,,N. Fishing Pier,1,Lutris,10:22:41,10:31:06,,yes,1,
2025-10-08,Port of Seattle,Elliott Bay,,N. Fishing Pier,2,Lutris,11:08:03,11:16:12,,yes,1,
2025-10-08,Port of Seattle,Elliott Bay,,N. Fishing Pier,3,Lutris,11:23:39,11:34:03,,yes,1,
2026-08-31,Port of Seattle,Elliott Bay,,Magnolia,T1,"Lutris, Nereo",10:02:27,10:12:00,,yes,1,
2026-08-31,Port of Seattle,Elliott Bay,,Magnolia,T2,"Lutris, Nereo",10:21:53,10:30:48,,yes,1,
2026-08-31,Port of Seattle,Elliott Bay,,Magnolia,T3,"Lutris, Nereo",10:38:25,10:48:25,,yes,1,
2026-08-31,Port of Seattle,Elliott Bay,,Magnolia,T4,"Lutris, Nereo",11:10:19,11:19:30,,yes,1,
2026-09-01,Port of Seattle,Elliott Bay,,Coast Guard Station,T1,Lutris,09:26:26,09:36:59,09:30:55-09:31:13,yes,1,
2026-09-01,Port of Seattle,Elliott Bay,,Coast Guard Station,T2,Lutris,09:40:59,09:50:59,,yes,1,
2026-09-01,Port of Seattle,Elliott Bay,,Coast Guard Station,T3,Lutris,09:52:50,10:01:58,,yes,1,
2026-09-01,Port of Seattle,Elliott Bay,,Coast Guard Station,T4,Lutris,10:04:51,10:14:59,,yes,1,
2026-09-02,Port of Seattle,Elliott Bay,,Jack Block Park,T1,Lutris,09:25:23,09:35:37,,yes,1,
2026-09-02,Port of Seattle,Elliott Bay,,Jack Block Park,T2,Lutris,09:41:15,09:50:42,,yes,1,
2026-09-02,Port of Seattle,Elliott Bay,,Jack Block Park,T3,Lutris,09:57:56,10:09:17,,yes,1,
2026-09-02,Port of Seattle,Elliott Bay,,Jack Block Park,T4,Lutris,10:33:04,10:42:08,,yes,1,
2026-09-15,Port of Seattle,Elliott Bay,,Grain Elevator,T1,Nereo,11:14:52,11:24:43,,yes,1,
2026-09-15,Port of Seattle,Elliott Bay,,Grain Elevator,T2,Nereo,11:28:58,11:38:50,,yes,1,
2026-09-15,Port of Seattle,Elliott Bay,,Grain Elevator,T3,Nereo,11:47:28,11:57:31,,yes,1,
2026-09-15,Port of Seattle,Elliott Bay,,Grain Elevator,T4,Nereo,11:59:19,12:08:14,,yes,1,
2026-09-15,Port of Seattle,Elliott Bay,,Pocket Beach,T1,Nereo,09:29:34,09:38:30,,yes,1,
2026-09-15,Port of Seattle,Elliott Bay,,Pocket Beach,T2,Nereo,09:43:14,09:53:41,,yes,1,
2026-09-15,Port of Seattle,Elliott Bay,,Pocket Beach,T3,Nereo,09:54:46,10:04:43,,yes,1,
2026-09-15,Port of Seattle,Elliott Bay,,Pocket Beach,T4,Nereo,10:06:52,10:16:52,,yes,1,
2026-09-17,Port of Seattle,Elliott Bay,,EBM West,T1,Nereo,11:52:58,12:02:58,,yes,1,
2026-09-17,Port of Seattle,Elliott Bay,,EBM West,T2,Nereo,12:05:10,12:15:15,,yes,1,
2026-09-17,Port of Seattle,Elliott Bay,,EBM West,T3,Nereo,12:16:45,12:26:45,,yes,1,
2026-09-17,Port of Seattle,Elliott Bay,,EBM West,T4,Nereo,12:28:55,12:38:55,,yes,1,
2026-09-17,Port of Seattle,Elliott Bay,,Sirens of Spring,T1,Nereo,10:09:45,10:19:49,,yes,1,
2026-09-17,Port of Seattle,Elliott Bay,,Sirens of Spring,T2,Nereo,10:21:35,10:31:35,,yes,1,
2026-09-17,Port of Seattle,Elliott Bay,,Sirens of Spring,T3,Nereo,10:32:51,10:42:51,,yes,1,
2026-09-17,Port of Seattle,Elliott Bay,,Sirens of Spring,T4,Nereo,10:45:19,10:55:19,,yes,1,
2026-09-18,Port of Seattle,Elliott Bay,,EBM Central,T1,Nereo,09:52:56,10:06:01,,yes,1,
2026-09-18,Port of Seattle,Elliott Bay,,EBM Central,T2,Nereo,10:07:50,10:19:05,,yes,1,
2026-09-18,Port of Seattle,Elliott Bay,,EBM Central,T3,Nereo,10:20:50,10:30:55,,yes,1,
2026-09-18,Port of Seattle,Elliott Bay,,EBM Central,T4,Nereo,10:36:08,10:46:09,,yes,1,
2026-09-18,Port of Seattle,Elliott Bay,,EBM East,T1,Nereo,11:34:22,11:44:22,,yes,1,
2026-09-18,Port of Seattle,Elliott Bay,,EBM East,T2,Nereo,11:46:25,11:56:25,,yes,1,
2026-09-18,Port of Seattle,Elliott Bay,,EBM East,T3,Nereo,11:58:14,12:08:16,,yes,1,
2026-09-18,Port of Seattle,Elliott Bay,,EBM East,T4,Nereo,12:09:02,12:19:03,,yes,1,
