"time","date","flight_time","depth","heading","battery_remaining","lat","lon","satellite_count","temp","seq","avg_dist","avg_conf","EucDIS","clock","clock_min","lat_smooth","lon_smooth","EucSmooth"
"11:32:38","3/30/2023","00:47:03",-6.52272,254,60,47.6302108,-122.3979797,10,46.47,47.0833333333333,0.929666666666667,100,NA,1,0.0166666666666667,47.6302169327547,-122.397982558643,NA
"11:32:39","3/30/2023","00:47:04",-6.52272,254,60,47.6302185,-122.3979797,10,46.47,47.1,0.932555555555556,100,0.855789138997825,2,0.0333333333333333,47.6302166231612,-122.397982631365,0.0348397195617807
"11:32:40","3/30/2023","00:47:05",-6.52272,254,60,47.6302185,-122.3979797,10,46.45,47.1166666666667,0.927222222222222,100,0,3,0.05,47.6302163027549,-122.397982565926,0.0359481938267033
"11:32:41","3/30/2023","00:47:06",-6.52272,254,60,47.6302185,-122.3979797,10,46.47,47.1333333333333,0.925666666666667,100,0,4,0.0666666666666667,47.6302159715231,-122.397982370546,0.0396320905394713
"11:32:42","3/30/2023","00:47:07",-6.52272,254,60,47.6302185,-122.3979797,10,46.47,47.15,0.932666666666667,100,0,5,0.0833333333333333,47.6302156294559,-122.397982053272,0.0448724249258923
"11:32:43","3/30/2023","00:47:08",-6.52272,255,60,47.6302185,-122.3979797,10,46.47,47.1666666666667,0.935666666666667,100,0,6,0.1,47.6302152765461,-122.397981621976,0.0508760784308599
"11:32:44","3/30/2023","00:47:09",-6.52272,255,60,47.6302108,-122.3979873,10,46.47,47.1833333333333,0.935333333333333,100,1.02878221189295,7,0.116666666666667,47.6302149127887,-122.397981084362,0.0571476037086499
"11:32:45","3/30/2023","00:47:10",-6.52272,255,60,47.6302146,-122.3979873,10,46.47,47.2,0.931333333333333,100,0.422337496555116,8,0.133333333333333,47.630214538182,-122.397980447958,0.0633990057833023
"11:32:46","3/30/2023","00:47:11",-6.52272,254,60,47.6302146,-122.3979797,10,46.45,47.2166666666667,0.934,100,0.570979673909908,9,0.15,47.6302141527264,-122.397979720123,0.0694646314632525
"11:32:47","3/30/2023","00:47:12",-6.52272,255,59,47.6302108,-122.3979797,10,46.45,47.2333333333333,0.942777777777778,100,0.422337495945544,10,0.166666666666667,47.6302137564252,-122.397978908042,0.0752484136203083
"11:32:48","3/30/2023","00:47:13",-6.52272,256,59,47.6302108,-122.3979873,10,46.45,47.25,0.939444444444444,100,0.570979715359744,11,0.183333333333333,47.6302133492845,-122.397978018726,0.0806944554560919
"11:32:49","3/30/2023","00:47:14",-6.52272,256,59,47.6302108,-122.3979797,10,46.42,47.2666666666667,0.933333333333333,100,0.570979715359744,12,0.2,47.6302129313126,-122.397977059018,0.085770888887268
"11:32:50","3/30/2023","00:47:15",-6.49224,256,59,47.630207,-122.3979797,10,46.45,47.2833333333333,0.934222222222222,100,0.422337498736717,13,0.216666666666667,47.6302125025209,-122.397976035586,0.0904605660462156
"11:32:51","3/30/2023","00:47:16",-6.49224,256,59,47.630207,-122.3979797,10,46.45,47.3,0.939555555555556,100,0,14,0.233333333333333,47.6302120629232,-122.397974954926,0.0947559101336903
"11:32:52","3/30/2023","00:47:17",-6.49224,256,59,47.630207,-122.3979797,10,46.45,47.3166666666667,0.942444444444444,100,0,15,0.25,47.6302116125359,-122.397973823362,0.0986555425289357
"11:32:53","3/30/2023","00:47:18",-6.49224,256,59,47.630207,-122.3979797,10,46.45,47.3333333333333,0.934888888888889,100,0,16,0.266666666666667,47.6302111513784,-122.397972647045,0.102162365191901
"11:32:54","3/30/2023","00:47:19",-6.49224,258,59,47.6302108,-122.3979721,10,46.45,47.35,0.923444444444445,100,0.71020195895143,17,0.283333333333333,47.6302106794722,-122.397971431956,0.105282427258952
"11:32:55","3/30/2023","00:47:20",-6.49224,257,59,47.6302108,-122.3979721,10,46.45,47.3666666666667,0.928222222222222,100,0,18,0.3,47.630210196842,-122.397970183901,0.108023834778642
"11:32:56","3/30/2023","00:47:21",-6.49224,257,59,47.630207,-122.3979721,10,46.45,47.3833333333333,0.929555555555556,100,0.422337498128053,19,0.316666666666667,47.6302097035148,-122.397968908516,0.110396469406382
"11:32:57","3/30/2023","00:47:22",-6.52272,257,59,47.6302108,-122.3979644,10,46.47,47.4,0.921888888888889,100,0.716256018585845,20,0.333333333333333,47.6302091995203,-122.397967611262,0.11241145392529
"11:32:58","3/30/2023","00:47:23",-6.52272,257,59,47.6302108,-122.3979644,10,46.47,47.4166666666667,0.918222222222222,100,0,21,0.35,47.6302086848909,-122.397966297432,0.114080932861096
"11:32:59","3/30/2023","00:47:24",-6.52272,257,59,47.6302146,-122.3979568,10,46.45,47.4333333333333,0.920111111111111,100,0.710201925047556,22,0.366666666666667,47.6302081596617,-122.397964972143,0.115417959001103
"11:33:00","3/30/2023","00:47:25",-6.52272,256,59,47.6302146,-122.3979568,10,46.45,47.45,0.921,100,0,23,0.383333333333333,47.6302076238704,-122.39796364034,0.116436312343206
"11:33:01","3/30/2023","00:47:26",-6.49224,257,59,47.6302146,-122.3979492,10,46.45,47.4666666666667,0.918222222222222,100,0.570979677165671,24,0.4,47.6302070775572,-122.397962306799,0.11715043587906
"11:33:02","3/30/2023","00:47:27",-6.52272,256,59,47.6302146,-122.3979492,10,46.47,47.4833333333333,0.918111111111111,100,0,25,0.416666666666667,47.6302065207652,-122.39796097612,0.11757534096706
"11:33:03","3/30/2023","00:47:28",-6.49224,256,59,47.6302146,-122.3979492,10,46.42,47.5,0.916111111111111,100,0,26,0.433333333333333,47.63020595354,-122.397959652732,0.11772675262568
"11:33:04","3/30/2023","00:47:29",-6.49224,257,59,47.6302146,-122.3979492,10,46.45,47.5166666666667,0.916111111111111,100,0,27,0.45,47.6302053759299,-122.397958340893,0.117620877268726
"11:33:05","3/30/2023","00:47:30",-6.52272,256,59,47.6302108,-122.3979492,10,46.42,47.5333333333333,0.915333333333333,100,0.422337497235188,28,0.466666666666667,47.6302047879858,-122.397957044688,0.117274525167551
"11:33:06","3/30/2023","00:47:31",-6.52272,256,59,47.6302108,-122.3979492,10,46.45,47.55,0.912111111111111,100,0,29,0.483333333333333,47.6302041897611,-122.397955768028,0.116705174881996
"11:33:07","3/30/2023","00:47:32",-6.52272,256,59,47.630207,-122.3979492,10,46.45,47.5666666666667,0.909,100,0.422337498163771,30,0.5,47.6302035813124,-122.397954514656,0.115930797850477
"11:33:08","3/30/2023","00:47:33",-6.52272,257,59,47.6302032,-122.3979568,10,46.45,47.5833333333333,0.907333333333333,100,0.710201993427405,31,0.516666666666667,47.6302029626982,-122.397953288137,0.11497016874946
"11:33:09","3/30/2023","00:47:34",-6.52272,257,59,47.6302032,-122.3979492,10,46.42,47.6,0.903555555555556,100,0.570979801377076,32,0.533333333333333,47.6302023339802,-122.397952091869,0.113842607684249
"11:33:10","3/30/2023","00:47:35",-6.52272,256,59,47.6301994,-122.3979568,10,46.45,47.6166666666667,0.901222222222222,100,0.710202027300347,33,0.55,47.6302016952225,-122.397950929074,0.112568261966486
"11:33:11","3/30/2023","00:47:36",-6.49224,259,59,47.6302032,-122.3979492,10,46.42,47.6333333333333,0.907444444444444,100,0.710202027300347,34,0.566666666666667,47.630201046492,-122.397949802805,0.111167875390453
"11:33:12","3/30/2023","00:47:37",-6.49224,257,59,47.6301994,-122.3979492,10,46.42,47.65,0.916555555555556,100,0.42233749816106,35,0.583333333333333,47.630200387858,-122.39794871594,0.109663146294843
"11:33:13","3/30/2023","00:47:38",-6.49224,259,59,47.6301956,-122.3979568,10,46.42,47.6666666666667,0.910222222222222,100,0.710202059308298,36,0.6,47.6301997193927,-122.397947671186,0.108076386408082
"11:33:14","3/30/2023","00:47:39",-6.52272,258,59,47.6301956,-122.3979492,10,46.42,47.6833333333333,0.901777777777778,100,0.570979884138646,37,0.616666666666667,47.6301990411709,-122.397946671077,0.106430761988767
"11:33:15","3/30/2023","00:47:40",-6.52272,258,59,47.6301918,-122.3979568,10,46.42,47.7,0.904222222222222,100,0.710202093181241,38,0.633333333333333,47.63019835327,-122.397945717977,0.104750158098882
"11:33:16","3/30/2023","00:47:41",-6.49224,258,59,47.6301956,-122.3979492,10,46.4,47.7166666666667,0.902,100,0.710202093181241,39,0.65,47.6301976557698,-122.397944814075,0.103059181787225
"11:33:17","3/30/2023","00:47:42",-6.49224,258,59,47.6301918,-122.3979492,10,46.42,47.7333333333333,0.896444444444444,100,0.422337497227054,40,0.666666666666667,47.6301969487533,-122.397943961388,0.101382938202182
"11:33:18","3/30/2023","00:47:43",-6.52272,257,59,47.6301956,-122.3979415,10,46.42,47.75,0.895777777777778,100,0.716256153614867,41,0.683333333333333,47.6301962323057,-122.397943161763,0.099747005542789
"11:33:19","3/30/2023","00:47:44",-6.52272,258,59,47.6301956,-122.3979415,10,46.4,47.7666666666667,0.892111111111111,100,0,42,0.7,47.630195506515,-122.397942416873,0.0981771114304043
"11:33:20","3/30/2023","00:47:45",-6.52272,258,59,47.6301956,-122.3979415,10,46.42,47.7833333333333,0.885444444444444,100,0,43,0.716666666666667,47.6301947714719,-122.397941728219,0.0966988910553413
"11:33:21","3/30/2023","00:47:46",-6.5532,258,59,47.6301918,-122.3979415,10,46.42,47.8,0.873555555555556,100,0.422337497552413,44,0.733333333333333,47.6301940272695,-122.39794109713,0.0953374344357756
"11:33:22","3/30/2023","00:47:47",-6.58368,258,59,47.6301918,-122.3979415,10,46.45,47.8166666666667,0.862333333333333,100,0,45,0.75,47.630193274004,-122.397940524762,0.0941169086533181
"11:33:23","3/30/2023","00:47:48",-6.58368,258,59,47.6301879,-122.3979492,10,46.4,47.8333333333333,0.853222222222222,100,0.722865333821944,46,0.766666666666667,47.6301925117738,-122.3979400121,0.0930599663221447
"11:33:24","3/30/2023","00:47:49",-6.5532,258,59,47.6301841,-122.3979492,10,46.42,47.85,0.841777777777778,100,0.422337496293049,47,0.783333333333333,47.6301917406801,-122.397939559956,0.0921871363655467
"11:33:25","3/30/2023","00:47:50",-6.5532,257,59,47.6301841,-122.3979492,10,46.4,47.8666666666667,0.8417,100,0,48,0.8,47.6301909608269,-122.39793916897,0.0915163160826101
"11:33:26","3/30/2023","00:47:51",-6.5532,254,59,47.6301841,-122.3979415,10,46.4,47.8833333333333,0.840111111111111,100,0.578492902532392,49,0.816666666666667,47.6301901723206,-122.39793883961,0.0910621387647361
"11:33:27","3/30/2023","00:47:52",-6.58368,253,59,47.6301841,-122.3979415,10,46.4,47.9,0.835125,100,0,50,0.833333333333333,47.6301893752706,-122.397938572171,0.0908353406989474
"11:33:28","3/30/2023","00:47:53",-6.58368,240,59,47.6301841,-122.3979415,10,46.4,47.9166666666667,0.838333333333333,100,0,51,0.85,47.6301885697884,-122.397938366775,0.0908426704498711
"11:33:29","3/30/2023","00:47:54",-6.5532,239,59,47.6301803,-122.3979492,10,46.4,47.9333333333333,0.8453,100,0.716256254968297,52,0.866666666666667,47.6301877559886,-122.397938223375,0.0910862664404858
"11:33:30","3/30/2023","00:47:55",-6.5532,238,59,47.6301765,-122.3979492,10,46.38,47.95,0.851,100,0.422337497220728,53,0.883333333333333,47.6301869339884,-122.397938141748,0.0915638914810455
"11:33:31","3/30/2023","00:47:56",-6.52272,239,59,47.6301765,-122.3979492,10,46.4,47.9666666666667,0.853888888888889,100,0,54,0.9,47.6301861039074,-122.397938121501,0.0922689392568197
"11:33:32","3/30/2023","00:47:57",-6.52272,239,59,47.6301803,-122.3979415,10,46.38,47.9833333333333,0.862,100,0.716256289921076,55,0.916666666666667,47.6301852658681,-122.397938162068,0.093190750065676
"11:33:33","3/30/2023","00:47:58",-6.52272,239,59,47.6301803,-122.3979415,10,46.38,48,0.880555555555556,100,0,56,0.933333333333333,47.6301844199956,-122.397938262712,0.0943150812623248
"11:33:34","3/30/2023","00:47:59",-6.52272,239,59,47.6301841,-122.3979339,10,46.4,48.0166666666667,0.887666666666667,100,0.710202194301273,57,0.95,47.6301835664175,-122.397938422522,0.0956246302337399
"11:33:35","3/30/2023","00:48:00",-6.52272,239,59,47.6301841,-122.3979339,10,46.4,48.0333333333333,0.878222222222222,100,0,58,0.966666666666667,47.630182865547,-122.397938836979,0.0838886583176428
"11:33:36","3/30/2023","00:48:01",-6.52272,239,59,47.6301841,-122.3979339,10,46.4,48.05,0.872,100,0,59,0.983333333333333,47.6301819820236,-122.397939455574,0.108638573485182
"11:33:37","3/30/2023","00:48:02",-6.52272,239,59,47.6301803,-122.3979339,10,46.4,48.0666666666667,0.875333333333333,100,0.422337496937443,60,1,47.6301810938898,-122.397940127963,0.110883799402565
"11:33:38","3/30/2023","00:48:03",-6.52272,239,59,47.6301803,-122.3979339,10,46.4,48.0833333333333,0.882666666666667,100,0,61,1.01666666666667,47.6301803065822,-122.397940623832,0.0951028850307204
"11:33:39","3/30/2023","00:48:04",-6.49224,239,59,47.6301803,-122.3979339,10,46.42,48.1,0.887888888888889,100,0,62,1.03333333333333,47.6301794189982,-122.397941217863,0.108273011602574
"11:33:40","3/30/2023","00:48:05",-6.49224,238,59,47.6301803,-122.3979339,10,46.42,48.1166666666667,0.890333333333333,100,0,63,1.05,47.6301785538981,-122.397941786063,0.105198951245832
"11:33:41","3/30/2023","00:48:06",-6.52272,240,59,47.6301841,-122.3979263,10,46.4,48.1333333333333,0.884555555555556,100,0.710202193169825,64,1.06666666666667,47.6301777261108,-122.397942424014,0.103737277906315
"11:33:42","3/30/2023","00:48:07",-6.52272,243,59,47.6301841,-122.3979339,10,46.38,48.15,0.886,100,0.570980008618246,65,1.08333333333333,47.6301768217344,-122.397943084484,0.11209452872083
"11:33:43","3/30/2023","00:48:08",-6.52272,242,59,47.6301803,-122.3979339,10,46.4,48.1666666666667,0.884777777777778,100,0.422337496937443,66,1.1,47.6301758939211,-122.397943893932,0.119714860130286
"11:33:44","3/30/2023","00:48:09",-6.52272,242,59,47.6301841,-122.3979263,10,46.42,48.1833333333333,0.882777777777778,100,0.710202193169825,67,1.11666666666667,47.6301750115222,-122.397944727607,0.116365180179059
"11:33:45","3/30/2023","00:48:10",-6.52272,242,59,47.6301803,-122.3979339,10,46.4,48.2,0.884666666666667,100,0.710202193169825,68,1.13333333333333,47.6301740066058,-122.397945653394,0.131574535371428
"11:33:46","3/30/2023","00:48:11",-6.49224,242,59,47.6301803,-122.3979339,10,46.4,48.2166666666667,0.892333333333333,100,0,69,1.15,47.6301729623245,-122.397946738514,0.141833533649091
"11:33:47","3/30/2023","00:48:12",-6.49224,241,59,47.6301803,-122.3979339,10,46.38,48.2333333333333,0.890111111111111,100,0,70,1.16666666666667,47.6301720161705,-122.397947723505,0.128585291229326
"11:33:48","3/30/2023","00:48:13",-6.49224,242,59,47.6301765,-122.3979415,10,46.4,48.25,0.882333333333333,100,0.710202228081161,71,1.18333333333333,47.6301711647208,-122.397948490947,0.110812637017444
"11:33:49","3/30/2023","00:48:14",-6.52272,241,59,47.6301765,-122.3979339,10,46.4,48.2666666666667,0.873888888888889,100,0.570980092939458,72,1.2,47.6301703349441,-122.397949285164,0.10984240494723
"11:33:50","3/30/2023","00:48:15",-6.52272,242,59,47.6301803,-122.3979339,10,46.4,48.2833333333333,0.877555555555556,100,0.422337496935635,73,1.21666666666667,47.6301694696141,-122.397949956266,0.108588856994235
"11:33:51","3/30/2023","00:48:16",-6.52272,242,59,47.6301765,-122.3979415,10,46.38,48.3,0.873222222222222,100,0.710202228081161,74,1.23333333333333,47.630168677148,-122.397950414897,0.0945759035039257
"11:33:52","3/30/2023","00:48:17",-6.52272,243,59,47.6301689,-122.3979492,10,46.38,48.3166666666667,0.865,100,1.02378221444467,75,1.25,47.6301679805481,-122.397950714165,0.0806197686564225
"11:33:53","3/30/2023","00:48:18",-6.52272,245,59,47.6301689,-122.3979568,10,46.38,48.3333333333333,0.869333333333333,100,0.570980175066228,76,1.26666666666667,47.6301672543749,-122.397951206228,0.088771703490589
"11:33:54","3/30/2023","00:48:19",-6.52272,250,59,47.6301651,-122.3979568,10,46.4,48.35,0.864333333333333,100,0.422337494100586,77,1.28333333333333,47.6301664443652,-122.397951739604,0.0985412910210492
"11:33:55","3/30/2023","00:48:20",-6.52272,254,59,47.6301612,-122.3979721,10,46.4,48.3666666666667,0.854666666666667,100,1.22848254011179,78,1.3,47.6301655502564,-122.397952195408,0.105107360031072
"11:33:56","3/30/2023","00:48:21",-6.52272,252,59,47.6301612,-122.3979644,10,46.4,48.3833333333333,0.858777777777778,100,0.578493156034754,79,1.31666666666667,47.6301645700895,-122.397952821281,0.118652031981409
"11:33:57","3/30/2023","00:48:22",-6.52272,252,59,47.6301536,-122.3979721,10,46.4,48.4,0.871,100,1.02378230889691,80,1.33333333333333,47.630163500183,-122.397953473986,0.128625213653231
"11:33:58","3/30/2023","00:48:23",-6.52272,252,59,47.6301536,-122.3979797,10,46.4,48.4166666666667,0.876222222222222,100,0.570980338589505,81,1.35,47.6301624064401,-122.397954155636,0.131907182016822
"11:33:59","3/30/2023","00:48:24",-6.52272,252,59,47.6301574,-122.3979644,10,46.4,48.4333333333333,0.864333333333333,100,1.22460539428877,82,1.36666666666667,47.6301612275371,-122.397954872497,0.141662019216046
"11:34:00","3/30/2023","00:48:25",-6.52272,252,59,47.6301574,-122.3979644,10,46.42,48.45,0.843111111111111,100,0,83,1.38333333333333,47.630160250106,-122.397955152057,0.110644849332055
"11:34:01","3/30/2023","00:48:26",-6.52272,252,59,47.6301536,-122.3979721,10,46.38,48.4666666666667,0.837666666666667,100,0.716256493606906,84,1.4,47.6301591871696,-122.397955309522,0.118727139046313
"11:34:02","3/30/2023","00:48:27",-6.52272,252,59,47.6301536,-122.3979644,10,46.4,48.4833333333333,0.837222222222222,100,0.578493240091313,85,1.41666666666667,47.6301581635921,-122.397955484532,0.114519189799123
"11:34:03","3/30/2023","00:48:28",-6.52272,252,59,47.6301574,-122.3979568,10,46.38,48.5,0.842444444444444,100,0.710202424279489,86,1.43333333333333,47.6301571098832,-122.397955560951,0.117251377986921
"11:34:04","3/30/2023","00:48:29",-6.52272,252,59,47.6301574,-122.3979644,10,46.42,48.5166666666667,0.844666666666667,100,0.570980298021718,87,1.45,47.6301560255258,-122.397955673788,0.120814837601758
"11:34:05","3/30/2023","00:48:30",-6.52272,250,59,47.6301498,-122.3979644,10,46.38,48.5333333333333,0.844111111111111,100,0.844674988479056,88,1.46666666666667,47.6301549841331,-122.397955672954,0.115741903763689
"11:34:06","3/30/2023","00:48:31",-6.52272,250,59,47.6301536,-122.3979644,10,46.38,48.55,0.843888888888889,100,0.422337493772525,89,1.48333333333333,47.630153863434,-122.397955690816,0.124563354110918
"11:34:07","3/30/2023","00:48:32",-6.49224,250,59,47.6301536,-122.3979644,10,46.4,48.5666666666667,0.845333333333333,100,0,90,1.5,47.6301526832162,-122.397955717303,0.1311861997931
"11:34:08","3/30/2023","00:48:33",-6.52272,250,59,47.6301498,-122.3979644,10,46.38,48.5833333333333,0.857333333333333,100,0.422337493772525,91,1.51666666666667,47.6301513913731,-122.397955853909,0.143943650227777
"11:34:09","3/30/2023","00:48:34",-6.52272,250,59,47.6301536,-122.3979492,10,46.4,48.6,0.866666666666667,100,1.21755626136152,92,1.53333333333333,47.6301500592704,-122.397956093977,0.149146371030253
"11:34:10","3/30/2023","00:48:35",-6.52272,251,59,47.6301498,-122.3979492,10,46.38,48.6166666666667,0.852555555555556,100,0.42233749255341,93,1.55,47.6301486653632,-122.397956372858,0.156331253388181
"11:34:11","3/30/2023","00:48:36",-6.52272,250,59,47.6301498,-122.3979492,10,46.38,48.6333333333333,0.834333333333333,100,0,94,1.56666666666667,47.6301472399957,-122.397956768192,0.161177623910256
"11:34:12","3/30/2023","00:48:37",-6.52272,251,59,47.6301498,-122.3979492,10,46.38,48.65,0.830222222222222,100,0,95,1.58333333333333,47.6301457560458,-122.397957112718,0.166947103389387
"11:34:13","3/30/2023","00:48:38",-6.52272,251,59,47.6301498,-122.3979492,10,46.38,48.6666666666667,0.832111111111111,100,0,96,1.6,47.6301442945628,-122.39795738107,0.163677751315385
"11:34:14","3/30/2023","00:48:39",-6.52272,251,59,47.630146,-122.3979492,10,46.38,48.6833333333333,0.827,100,0.422337493482897,97,1.61666666666667,47.6301429750326,-122.39795747214,0.146814002407951
"11:34:15","3/30/2023","00:48:40",-6.52272,251,59,47.6301422,-122.3979568,10,46.38,48.7,0.835444444444444,100,0.710202525413027,98,1.63333333333333,47.630141551568,-122.397957651482,0.158778641745069
"11:34:16","3/30/2023","00:48:41",-6.49224,251,59,47.6301383,-122.3979568,10,46.36,48.7166666666667,0.843333333333333,100,0.433451637493894,99,1.65,47.6301402136725,-122.397957790206,0.149060432037081
"11:34:17","3/30/2023","00:48:42",-6.46176,251,59,47.6301383,-122.3979644,10,46.36,48.7333333333333,0.856444444444444,100,0.570980506056859,100,1.66666666666667,47.6301388949358,-122.397957763321,0.146580224305687
"11:34:18","3/30/2023","00:48:43",-6.43128,252,59,47.6301383,-122.3979644,10,46.38,48.75,0.882888888888889,100,0,101,1.68333333333333,47.6301376700733,-122.397957811997,0.136182103842606
"11:34:19","3/30/2023","00:48:44",-6.4008,251,59,47.6301345,-122.3979568,10,46.38,48.7666666666667,0.917333333333333,100,0.710202590715111,102,1.7,47.6301364868469,-122.397957782742,0.131523859206717
"11:34:20","3/30/2023","00:48:45",-6.37032,251,59,47.6301307,-122.3979721,10,46.36,48.7833333333333,0.946666666666667,100,1.22460586500656,103,1.71666666666667,47.6301354761744,-122.397957301464,0.118003767434398
"11:34:21","3/30/2023","00:48:46",-6.37032,251,59,47.6301269,-122.3979721,10,46.4,48.8,0.973333333333333,100,0.422337491575553,104,1.73333333333333,47.6301346403501,-122.397956640972,0.10531752142821
"11:34:22","3/30/2023","00:48:47",-6.33984,251,59,47.6301307,-122.3979568,10,46.38,48.8166666666667,0.990777777777778,100,1.22460594312948,105,1.75,47.6301339135233,-122.397955817618,0.101744209652995
"11:34:23","3/30/2023","00:48:48",-6.37032,250,59,47.6301345,-122.3979492,10,46.38,48.8333333333333,0.994111111111111,100,0.710202625537818,106,1.76666666666667,47.6301332857219,-122.397954879993,0.0991499885911239
"11:34:24","3/30/2023","00:48:49",-6.37032,251,59,47.6301345,-122.3979492,10,46.38,48.85,0.980222222222222,100,0,107,1.78333333333333,47.6301328028253,-122.397953872571,0.0927842014763313
"11:34:25","3/30/2023","00:48:50",-6.37032,251,59,47.6301383,-122.3979415,10,46.36,48.8666666666667,0.971,100,0.716256662303653,108,1.8,47.6301323853493,-122.397952696505,0.099798617608341
"11:34:26","3/30/2023","00:48:51",-6.37032,251,59,47.6301383,-122.3979415,10,46.36,48.8833333333333,0.965222222222222,100,0,109,1.81666666666667,47.6301319851937,-122.397951586249,0.0945281345338556
"11:34:27","3/30/2023","00:48:52",-6.37032,251,59,47.6301345,-122.3979415,10,46.38,48.9,0.958888888888889,100,0.422337493803736,110,1.83333333333333,47.6301317512082,-122.397950380056,0.0942776653826226
"11:34:28","3/30/2023","00:48:53",-6.37032,251,59,47.6301345,-122.3979415,10,46.38,48.9166666666667,0.953888888888889,100,0,111,1.85,47.6301315643309,-122.397949201061,0.0909792932445507
"11:34:29","3/30/2023","00:48:54",-6.37032,252,59,47.6301345,-122.3979415,10,46.36,48.9333333333333,0.946,100,0,112,1.86666666666667,47.6301314156,-122.397948065056,0.0869329677202914
"11:34:30","3/30/2023","00:48:55",-6.4008,255,59,47.6301307,-122.3979415,10,46.36,48.95,0.943555555555555,100,0.422337492870634,113,1.88333333333333,47.6301312376447,-122.397947099496,0.0751895022018037
"11:34:31","3/30/2023","00:48:56",-6.4008,256,59,47.6301307,-122.3979415,10,46.38,48.9666666666667,0.950111111111111,100,0,114,1.9,47.6301310906133,-122.39794618114,0.0709040131250323
"11:34:32","3/30/2023","00:48:57",-6.37032,256,59,47.6301269,-122.3979492,10,46.36,48.9833333333333,0.952444444444444,100,0.716256728879395,115,1.91666666666667,47.6301309601804,-122.397945222017,0.0735016517498754
"11:34:33","3/30/2023","00:48:58",-6.37032,255,59,47.6301269,-122.3979492,10,46.38,49,0.948333333333333,100,0,116,1.93333333333333,47.6301309020607,-122.397944244623,0.0737142426005351
"11:34:34","3/30/2023","00:48:59",-6.4008,255,59,47.6301345,-122.3979339,10,46.38,49.0166666666667,0.943111111111111,100,1.42645241711245,117,1.95,47.6301309721984,-122.397943381945,0.0652792195538805
"11:34:35","3/30/2023","00:49:00",-6.37032,255,59,47.6301307,-122.3979339,10,46.36,49.0333333333333,0.941666666666667,100,0.422337491328889,118,1.96666666666667,47.6301310456128,-122.397942627932,0.057232933306116
"11:34:36","3/30/2023","00:49:01",-6.37032,255,59,47.6301345,-122.3979263,10,46.35,49.05,0.942666666666667,100,0.710202624375348,119,1.98333333333333,47.6301311230703,-122.397941975288,0.0497824883865474
"11:34:37","3/30/2023","00:49:02",-6.4008,255,59,47.6301307,-122.3979339,10,46.36,49.0666666666667,0.940444444444444,100,0.710202624375348,120,2,47.6301313154556,-122.397941085062,0.0702165657422415
"11:34:38","3/30/2023","00:49:03",-6.37032,255,59,47.6301307,-122.3979339,10,46.36,49.0833333333333,0.934222222222222,100,0,121,2.01666666666667,47.6301314657663,-122.397940407891,0.0535477512946733
"11:34:39","3/30/2023","00:49:04",-6.37032,254,59,47.6301307,-122.3979339,10,46.35,49.1,0.933222222222222,100,0,122,2.03333333333333,47.6301315583087,-122.39793982563,0.0449375987773492
"11:34:40","3/30/2023","00:49:05",-6.33984,252,59,47.6301307,-122.3979339,10,46.36,49.1166666666667,0.935666666666667,100,0,123,2.05,47.6301317743363,-122.397939103241,0.0593460682689663
"11:34:41","3/30/2023","00:49:06",-6.27888,252,59,47.6301231,-122.3979492,10,46.38,49.1333333333333,0.947777777777778,100,1.42645248463949,124,2.06666666666667,47.6301318459248,-122.397938686044,0.0323376666247175
"11:34:42","3/30/2023","00:49:07",-6.2484,248,59,47.6301193,-122.3979568,10,46.35,49.15,0.978444444444444,100,0.710202725851332,125,2.08333333333333,47.6301320102234,-122.397938338001,0.031893063970032
"11:34:43","3/30/2023","00:49:08",-6.30936,248,59,47.6301193,-122.3979568,10,46.38,49.1666666666667,0.998222222222222,100,0,126,2.1,47.6301321264696,-122.397937960746,0.0311485609566445
"11:34:44","3/30/2023","00:49:09",-6.33984,252,59,47.6301231,-122.3979492,10,46.36,49.1833333333333,0.995222222222222,100,0.710202725851332,127,2.11666666666667,47.6301322366066,-122.397937849421,0.0148252800200566
"11:34:45","3/30/2023","00:49:10",-6.30936,254,59,47.6301231,-122.3979568,10,46.38,49.2,0.994555555555556,100,0.57098067389085,128,2.13333333333333,47.6301323283898,-122.397937757716,0.0123096384579682
"11:34:46","3/30/2023","00:49:11",-6.30936,253,59,47.6301193,-122.3979568,10,46.36,49.2166666666667,1.006,100,0.422337493150313,129,2.15,47.6301323353558,-122.397937972377,0.0161458673862911
"11:34:47","3/30/2023","00:49:12",-6.33984,255,59,47.6301269,-122.3979415,10,46.38,49.2333333333333,1.00166666666667,100,1.42645255077344,130,2.16666666666667,47.630132175311,-122.397938413285,0.0375986967328399
"11:34:48","3/30/2023","00:49:13",-6.33984,257,59,47.6301345,-122.3979339,10,46.38,49.25,0.979,100,1.0195561126982,131,2.18333333333333,47.6301319070743,-122.39793919358,0.0657677807213594
"11:34:49","3/30/2023","00:49:14",-6.33984,256,59,47.6301307,-122.3979492,10,46.36,49.2666666666667,0.966333333333333,100,1.224605866929,132,2.2,47.63013167633,-122.397940134139,0.0751730265466635
"11:34:50","3/30/2023","00:49:15",-6.37032,257,59,47.6301307,-122.3979492,10,46.38,49.2833333333333,0.956,100,0,133,2.21666666666667,47.6301313621056,-122.397941200588,0.0874016794513776
"11:34:51","3/30/2023","00:49:16",-6.4008,256,59,47.6301269,-122.3979492,10,46.38,49.3,0.941777777777778,100,0.422337493474763,134,2.23333333333333,47.6301310261138,-122.397942496536,0.104278867341285
"11:34:52","3/30/2023","00:49:17",-6.37032,256,59,47.6301269,-122.3979568,10,46.36,49.3166666666667,0.931666666666667,100,0.570980632448244,135,2.25,47.6301306221345,-122.397943614004,0.0952062688931046
"11:34:53","3/30/2023","00:49:18",-6.37032,254,59,47.6301231,-122.3979644,10,46.38,49.3333333333333,0.922555555555556,100,0.71020268947947,136,2.26666666666667,47.6301301564,-122.397945161596,0.127270730501799
"11:34:54","3/30/2023","00:49:19",-6.4008,256,59,47.6301231,-122.3979644,10,46.38,49.35,0.920444444444445,100,0,137,2.28333333333333,47.6301297637354,-122.397946612991,0.117450860210056
"11:34:55","3/30/2023","00:49:20",-6.37032,255,59,47.6301193,-122.3979721,10,46.38,49.3666666666667,0.928777777777778,100,0.716256797369031,138,2.3,47.6301293838322,-122.397947953427,0.109198928253517
"11:34:56","3/30/2023","00:49:21",-6.37032,256,59,47.6301345,-122.3979492,10,46.36,49.3833333333333,0.936,100,2.4111963878315,139,2.31666666666667,47.630128871076,-122.397949699615,0.143032645959266
"11:34:57","3/30/2023","00:49:22",-6.37032,257,59,47.6301345,-122.3979415,10,46.38,49.4,0.935666666666667,100,0.578493450024382,140,2.33333333333333,47.6301282767449,-122.397951497497,0.150359577533396
"11:34:58","3/30/2023","00:49:23",-6.37032,256,59,47.6301383,-122.3979415,10,46.38,49.4166666666667,0.923222222222222,100,0.422337493803736,141,2.35,47.6301275564511,-122.39795354631,0.173498462231189
"11:34:59","3/30/2023","00:49:24",-6.37032,256,59,47.6301422,-122.3979339,10,46.38,49.4333333333333,0.907888888888889,100,0.716867518740117,142,2.36666666666667,47.6301266785695,-122.39795591221,0.202765842024727
"11:35:00","3/30/2023","00:49:25",-6.4008,256,59,47.6301422,-122.3979339,10,46.38,49.45,0.893555555555556,100,0,143,2.38333333333333,47.6301257076421,-122.397958467722,0.220240790742954
"11:35:01","3/30/2023","00:49:26",-6.4008,256,59,47.630146,-122.3979339,10,46.38,49.4666666666667,0.892444444444444,100,0.4223374931969,144,2.4,47.6301246337099,-122.397961060223,0.228435089191726
"11:35:02","3/30/2023","00:49:27",-6.37032,256,59,47.630146,-122.3979263,10,46.36,49.4833333333333,0.899666666666667,100,0.570980423757234,145,2.41666666666667,47.6301236594955,-122.397963759511,0.22988990991607
"11:35:03","3/30/2023","00:49:28",-6.37032,256,59,47.6301422,-122.3979339,10,46.35,49.5,0.910777777777778,100,0.710202525462888,146,2.43333333333333,47.6301224830148,-122.397966528101,0.245686143532107
"11:35:04","3/30/2023","00:49:29",-6.37032,256,59,47.6301422,-122.3979339,10,46.38,49.5166666666667,0.916222222222222,100,0,147,2.45,47.6301212904164,-122.397969327684,0.248611023624217
"11:35:05","3/30/2023","00:49:30",-6.37032,254,59,47.6301383,-122.3979415,10,46.38,49.5333333333333,0.92,100,0.716867518740117,148,2.46666666666667,47.6301201411839,-122.39797201285,0.238769512882586
"11:35:06","3/30/2023","00:49:31",-6.33984,255,59,47.6301307,-122.3979568,10,46.36,49.55,0.921666666666667,100,1.42645235069895,149,2.48333333333333,47.6301187869804,-122.397974976811,0.26877289975395
"11:35:07","3/30/2023","00:49:32",-6.37032,254,59,47.6301269,-122.3979644,10,46.38,49.5666666666667,0.912666666666667,100,0.71020265625919,150,2.5,47.6301175946435,-122.397977636552,0.239771922609709
"11:35:08","3/30/2023","00:49:33",-6.37032,254,59,47.6301155,-122.3979797,10,46.38,49.5833333333333,0.907777777777778,100,1.71073427115473,151,2.51666666666667,47.6301163565627,-122.397980163123,0.234447324353226
"11:35:09","3/30/2023","00:49:34",-6.37032,255,59,47.6301155,-122.3979797,10,46.36,49.6,0.901888888888889,100,0,152,2.53333333333333,47.6301151750878,-122.397982473627,0.217657100721485
"11:35:10","3/30/2023","00:49:35",-6.37032,254,59,47.6301155,-122.3979797,10,46.38,49.6166666666667,0.902444444444444,100,0,153,2.55,47.6301137904363,-122.397984729771,0.228940407821759
"11:35:11","3/30/2023","00:49:36",-6.37032,255,59,47.6301078,-122.3979873,10,46.38,49.6333333333333,0.896333333333333,100,1.0287828216733,154,2.56666666666667,47.6301124636136,-122.39798706244,0.229039102154089
"11:35:12","3/30/2023","00:49:37",-6.37032,255,59,47.6301078,-122.3979949,10,46.38,49.65,0.883888888888889,100,0.570980838765616,155,2.58333333333333,47.6301110778358,-122.397989315632,0.228860493689224
"11:35:13","3/30/2023","00:49:38",-6.37032,254,59,47.630104,-122.3979949,10,46.36,49.6666666666667,0.879444444444444,100,0.422337488739663,156,2.6,47.6301096054114,-122.39799180874,0.248723888980853
"11:35:14","3/30/2023","00:49:39",-6.37032,256,59,47.6301002,-122.3980102,10,46.36,49.6833333333333,0.874222222222222,100,1.22460648823686,157,2.61666666666667,47.6301081255237,-122.397993990654,0.232215596795338
"11:35:15","3/30/2023","00:49:40",-6.4008,255,59,47.6300964,-122.3980178,10,46.36,49.7,0.862444444444444,100,0.71020291979682,158,2.63333333333333,47.6301066322511,-122.397996099379,0.229440954124362
"11:35:16","3/30/2023","00:49:41",-6.37032,256,59,47.6300964,-122.3980102,10,46.36,49.7166666666667,0.859,100,0.570980959929537,159,2.65,47.6301050785917,-122.3979983729,0.242883092021739
"11:35:17","3/30/2023","00:49:42",-6.37032,256,59,47.6300964,-122.3980102,10,46.38,49.7333333333333,0.860222222222222,100,0,160,2.66666666666667,47.6301036752644,-122.398000035901,0.199839671852134
"11:35:18","3/30/2023","00:49:43",-6.37032,256,59,47.6300964,-122.3980102,10,46.4,49.75,0.861222222222222,100,0,161,2.68333333333333,47.6301023617143,-122.398001577553,0.186354445042977
"11:35:19","3/30/2023","00:49:44",-6.37032,256,59,47.6300964,-122.3980026,10,46.36,49.7666666666667,0.869444444444444,100,0.570980962102249,162,2.7,47.6301008415063,-122.39800359839,0.22715023821302
"11:35:20","3/30/2023","00:49:45",-6.37032,256,59,47.6301002,-122.3980026,10,46.36,49.7833333333333,0.865666666666667,100,0.422337488410719,163,2.71666666666667,47.6300992527113,-122.398005580139,0.230972255012613
"11:35:21","3/30/2023","00:49:46",-6.37032,256,59,47.6301002,-122.3979949,10,46.36,49.8,0.858,100,0.578493825966869,164,2.73333333333333,47.6300976577827,-122.398007520389,0.22950098389338
"11:35:22","3/30/2023","00:49:47",-6.37032,256,59,47.6300926,-122.3980102,10,46.38,49.8166666666667,0.863444444444444,100,1.4264530136326,165,2.75,47.6300959912827,-122.398009418345,0.233747308837735
"11:35:23","3/30/2023","00:49:48",-6.37032,256,59,47.6300926,-122.3980102,10,46.38,49.8333333333333,0.867222222222222,100,0,166,2.76666666666667,47.630094423713,-122.398011163513,0.218045562989549
"11:35:24","3/30/2023","00:49:49",-6.37032,256,59,47.6300888,-122.3980178,10,46.38,49.85,0.862444444444444,100,0.710202985211231,167,2.78333333333333,47.6300929449841,-122.398012758321,0.203387010637598
"11:35:25","3/30/2023","00:49:50",-6.37032,255,59,47.6300888,-122.3980178,10,46.38,49.8666666666667,0.858111111111111,100,0,168,2.8,47.6300914913841,-122.398014205339,0.194727044569857
"11:35:26","3/30/2023","00:49:51",-6.37032,254,59,47.6300811,-122.3980331,10,46.36,49.8833333333333,0.847888888888889,100,1.43306244420404,169,2.81666666666667,47.6300901110687,-122.398015283146,0.173469299054672
"11:35:27","3/30/2023","00:49:52",-6.37032,248,59,47.6300811,-122.3980331,10,46.38,49.9,0.841222222222222,100,0,170,2.83333333333333,47.6300886871539,-122.39801627588,0.174950288340536
"11:35:28","3/30/2023","00:49:53",-6.37032,250,59,47.6300773,-122.3980331,10,46.38,49.9166666666667,0.846222222222222,100,0.422337484319176,171,2.85,47.630087411401,-122.398016956791,0.150735133611819
"11:35:29","3/30/2023","00:49:54",-6.37032,251,59,47.6300773,-122.3980331,10,46.38,49.9333333333333,0.8472,100,0,172,2.86666666666667,47.6300862094256,-122.398017460448,0.138844920917008
"11:35:30","3/30/2023","00:49:55",-6.37032,249,58,47.6300773,-122.3980407,10,46.38,49.95,0.847555555555556,100,0.570981166765374,173,2.88333333333333,47.6300850244422,-122.398017777848,0.133842149859494
"11:35:31","3/30/2023","00:49:56",-6.37032,250,58,47.6300735,-122.3980484,10,46.38,49.9666666666667,0.845777777777778,100,0.716257198822011,174,2.9,47.6300836574113,-122.398018326085,0.157417821503692
"11:35:32","3/30/2023","00:49:57",-6.37032,250,58,47.6300697,-122.398056,10,46.38,49.9833333333333,0.834666666666667,100,0.71020314924343,175,2.91666666666667,47.6300823574234,-122.398018763948,0.148180185996609
"11:35:33","3/30/2023","00:49:58",-6.37032,250,58,47.6300735,-122.3980407,10,46.38,50,0.834111111111111,100,1.22460711024273,176,2.93333333333333,47.630080994385,-122.398019257827,0.155967923608651
"11:35:34","3/30/2023","00:49:59",-6.37032,250,58,47.6300735,-122.3980407,10,46.38,50.0166666666667,0.844444444444444,100,0,177,2.95,47.630079690968,-122.398019690144,0.148460095618744
"11:35:35","3/30/2023","00:50:00",-6.37032,250,58,47.6300697,-122.3980484,10,46.35,50.0333333333333,0.846333333333333,100,0.716257231461469,178,2.96666666666667,47.6300784446013,-122.398020051602,0.141159725521698
"11:35:36","3/30/2023","00:50:01",-6.37032,250,58,47.6300735,-122.3980331,10,46.36,50.05,0.843444444444444,100,1.22460711179353,179,2.98333333333333,47.6300772387805,-122.39802014179,0.13418784765818
"11:35:37","3/30/2023","00:50:02",-6.37032,250,58,47.6300697,-122.3980331,10,46.38,50.0666666666667,0.841,100,0.422337485247759,180,3,47.630076058629,-122.39802037369,0.132315785190053
"11:35:38","3/30/2023","00:50:03",-6.37032,250,58,47.6300735,-122.3980331,10,46.36,50.0833333333333,0.844444444444444,100,0.422337485247759,181,3.01666666666667,47.6300749221228,-122.398020333781,0.126348522486078
"11:35:39","3/30/2023","00:50:04",-6.37032,250,58,47.6300735,-122.3980178,10,46.36,50.1,0.848888888888889,100,1.14947532988846,182,3.03333333333333,47.6300738644629,-122.398020223948,0.117839106799385
"11:35:40","3/30/2023","00:50:05",-6.37032,249,58,47.6300773,-122.3980178,10,46.36,50.1166666666667,0.835777777777778,100,0.42233748775917,183,3.05,47.6300728355198,-122.398020131956,0.114566880901097
"11:35:41","3/30/2023","00:50:06",-6.37032,251,58,47.6300773,-122.3980102,10,46.36,50.1333333333333,0.819111111111111,100,0.570981167957449,184,3.06666666666667,47.6300716583024,-122.398020402712,0.132409480811436
"11:35:42","3/30/2023","00:50:07",-6.4008,250,58,47.6300773,-122.3980026,10,46.38,50.15,0.810444444444445,100,0.570981170246573,185,3.08333333333333,47.6300704767442,-122.398020483845,0.131461474398034
"11:35:43","3/30/2023","00:50:08",-6.4008,250,58,47.6300773,-122.3979949,10,46.36,50.1666666666667,0.810666666666667,100,0.578494078587736,186,3.1,47.6300693762995,-122.39802058531,0.122542340831678
"11:35:44","3/30/2023","00:50:09",-6.37032,250,58,47.6300735,-122.3980026,10,46.36,50.1833333333333,0.807555555555556,100,0.716257200187342,187,3.11666666666667,47.630068231971,-122.398020843287,0.128650646903694
"11:35:45","3/30/2023","00:50:10",-6.37032,250,58,47.6300735,-122.3980026,10,46.38,50.2,0.802888888888889,100,0,188,3.13333333333333,47.6300669540616,-122.398021175447,0.144204354390603
"11:35:46","3/30/2023","00:50:11",-6.37032,250,58,47.6300735,-122.3980026,10,46.38,50.2166666666667,0.810888888888889,100,0,189,3.15,47.6300657337189,-122.398021298377,0.135944725368767
"11:35:47","3/30/2023","00:50:12",-6.37032,249,58,47.6300735,-122.3980026,10,46.35,50.2333333333333,0.816777777777778,100,0,190,3.16666666666667,47.6300643567945,-122.398021742582,0.156629978709225
"11:35:48","3/30/2023","00:50:13",-6.37032,247,58,47.6300697,-122.3979949,10,46.38,50.25,0.813777777777778,100,0.716257232828985,191,3.18333333333333,47.6300634453352,-122.398021392739,0.10465510007004
"11:35:49","3/30/2023","00:50:14",-6.37032,248,58,47.6300697,-122.3980026,10,46.36,50.2666666666667,0.807222222222222,100,0.578494162520654,192,3.2,47.6300624719972,-122.398020933965,0.113536381415088
"11:35:50","3/30/2023","00:50:15",-6.37032,246,58,47.6300697,-122.3979949,10,46.35,50.2833333333333,0.800333333333333,100,0.578494162520654,193,3.21666666666667,47.6300617555057,-122.398019859283,0.113402724072752
"11:35:51","3/30/2023","00:50:16",-6.37032,248,58,47.6300735,-122.3979873,10,46.38,50.3,0.799888888888889,100,0.710203154617914,194,3.23333333333333,47.6300610955449,-122.398018701492,0.113781653133221
"11:35:52","3/30/2023","00:50:17",-6.37032,249,58,47.6300735,-122.3979873,10,46.36,50.3166666666667,0.804,100,0,195,3.25,47.6300603387904,-122.398017644536,0.115670238951851
"11:35:53","3/30/2023","00:50:18",-6.37032,249,58,47.6300735,-122.3979797,10,46.38,50.3333333333333,0.815888888888889,100,0.570981210909549,196,3.26666666666667,47.6300593103545,-122.398017025611,0.123398121092905
"11:35:54","3/30/2023","00:50:19",-6.37032,249,58,47.6300659,-122.3979949,10,46.38,50.35,0.812333333333333,100,1.42040634151067,197,3.28333333333333,47.6300583064064,-122.398016494384,0.118503199416777
"11:35:55","3/30/2023","00:50:20",-6.37032,249,58,47.6300582,-122.3980026,10,46.38,50.3666666666667,0.797444444444445,100,1.03297173381857,198,3.3,47.630057310145,-122.39801581902,0.121797913031835
"11:35:56","3/30/2023","00:50:21",-6.37032,249,58,47.6300582,-122.3980026,10,46.35,50.3833333333333,0.791333333333333,100,0,199,3.31666666666667,47.6300562301016,-122.398015278208,0.126727582683482
"11:35:57","3/30/2023","00:50:22",-6.37032,250,58,47.6300544,-122.3980102,10,46.36,50.4,0.791444444444445,100,0.710203287527712,200,3.33333333333333,47.6300551733871,-122.398014817501,0.122438952377397
"11:35:58","3/30/2023","00:50:23",-6.37032,248,58,47.6300544,-122.3980178,10,46.36,50.4166666666667,0.791888888888889,100,0.570981417435197,201,3.35,47.6300540472383,-122.398014427086,0.128552789972747
"11:35:59","3/30/2023","00:50:24",-6.37032,249,58,47.6300468,-122.3980255,10,46.38,50.4333333333333,0.798111111111111,100,1.02378295509568,202,3.36666666666667,47.630052995566,-122.398013407911,0.139731440326808
"11:36:00","3/30/2023","00:50:25",-6.37032,248,58,47.6300468,-122.3980331,10,46.36,50.45,0.805333333333333,100,0.570981499445669,203,3.38333333333333,47.6300518709997,-122.39801239251,0.146427696284831
"11:36:01","3/30/2023","00:50:26",-6.37032,249,58,47.6300468,-122.3980331,10,46.36,50.4666666666667,0.801777777777778,100,0,204,3.4,47.6300506128087,-122.398011519428,0.154457078518191
"11:36:02","3/30/2023","00:50:27",-6.37032,248,58,47.6300392,-122.3980407,10,46.36,50.4833333333333,0.789333333333333,100,1.01955662762555,205,3.41666666666667,47.6300492316425,-122.398010786083,0.163092774864206
"11:36:03","3/30/2023","00:50:28",-6.4008,249,58,47.6300468,-122.3980255,10,46.38,50.5,0.780444444444444,100,1.42040680034591,206,3.43333333333333,47.6300479314391,-122.398010015437,0.155673677120828
"11:36:04","3/30/2023","00:50:29",-6.37032,248,58,47.6300468,-122.3980178,10,46.36,50.5166666666667,0.780111111111111,100,0.578494416015907,207,3.45,47.6300465951899,-122.398009174475,0.16139338140332
"11:36:05","3/30/2023","00:50:30",-6.37032,248,58,47.6300544,-122.3980026,10,46.36,50.5333333333333,0.779888888888889,100,1.42040667119135,208,3.46666666666667,47.6300454312024,-122.398008113285,0.151961063115833
"11:36:06","3/30/2023","00:50:31",-6.30936,248,58,47.6300468,-122.3979949,10,46.36,50.55,0.797222222222222,100,1.02378295622537,209,3.48333333333333,47.6300442557586,-122.398006965149,0.156548617321738
"11:36:07","3/30/2023","00:50:32",-6.30936,248,58,47.6300506,-122.3979949,10,46.35,50.5666666666667,0.824111111111111,100,0.4223374831284,210,3.5,47.6300430522938,-122.398005890743,0.156224026921895
"11:36:08","3/30/2023","00:50:33",-6.18744,250,58,47.6300468,-122.3979949,10,46.36,50.5833333333333,0.861666666666667,100,0.4223374831284,211,3.51666666666667,47.6300419488781,-122.398004766055,0.14892654031306
"11:36:09","3/30/2023","00:50:34",-6.15696,253,58,47.6300392,-122.3980102,10,46.36,50.6,0.920444444444445,100,1.42645395243895,212,3.53333333333333,47.6300408194235,-122.398003575954,0.154116679764378
"11:36:10","3/30/2023","00:50:35",-6.12648,252,58,47.6300392,-122.3980026,10,46.36,50.6166666666667,0.977555555555556,100,0.570981585254691,213,3.55,47.6300395536358,-122.398002556725,0.160171243346337
"11:36:11","3/30/2023","00:50:36",-6.06552,255,58,47.6300392,-122.3980026,10,46.36,50.6333333333333,1.023,100,0,214,3.56666666666667,47.6300383670425,-122.398001295439,0.162393325962333
"11:36:12","3/30/2023","00:50:37",-6.06552,258,58,47.6300315,-122.3980102,10,46.36,50.65,1.06266666666667,100,1.02878327151646,215,3.58333333333333,47.6300373739647,-122.397999773165,0.158939735724196
"11:36:13","3/30/2023","00:50:38",-6.03504,257,58,47.6300354,-122.3979949,10,46.36,50.6666666666667,1.08533333333333,100,1.22848519347255,216,3.6,47.6300363078014,-122.397998280044,0.163170827152735
"11:36:14","3/30/2023","00:50:39",-6.03504,258,58,47.6300354,-122.3979949,10,46.38,50.6833333333333,1.08755555555556,100,0,217,3.61666666666667,47.6300352312045,-122.397996852291,0.160695891856431
"11:36:15","3/30/2023","00:50:41",-6.03504,256,58,47.6300239,-122.3980178,10,46.36,50.7,1.08077777777778,100,2.14326462461489,218,3.63333333333333,47.6300341338557,-122.397995382202,0.164538476650483
"11:36:16","3/30/2023","00:50:41",-6.03504,258,58,47.6300201,-122.3980178,10,46.38,50.7166666666667,1.07466666666667,100,0.422337480286222,219,3.65,47.6300329499621,-122.397994159273,0.160482743357048
"11:36:17","3/30/2023","00:50:42",-6.06552,256,58,47.6300163,-122.3980255,10,46.38,50.7333333333333,1.06255555555556,100,0.716257707081302,220,3.66666666666667,47.6300317237385,-122.397992966529,0.16310524982739
"11:36:18","3/30/2023","00:50:43",-6.06552,257,58,47.6300125,-122.3980255,10,46.38,50.75,1.04211111111111,100,0.42233748088949,221,3.68333333333333,47.6300303725028,-122.397992094359,0.163850845262935
"11:36:19","3/30/2023","00:50:44",-6.06552,257,58,47.6300163,-122.3980255,10,46.36,50.7666666666667,1.03377777777778,100,0.42233748088949,222,3.7,47.6300290974168,-122.39799126097,0.154930157213998
"11:36:20","3/30/2023","00:50:45",-6.06552,257,58,47.6300163,-122.3980255,10,46.38,50.7833333333333,1.03033333333333,100,0,223,3.71666666666667,47.6300277217557,-122.397990440783,0.164843184112352
"11:36:21","3/30/2023","00:50:46",-6.06552,257,58,47.6300163,-122.3980255,10,46.38,50.8,1.03255555555556,100,0,224,3.73333333333333,47.6300264884412,-122.39798941121,0.157391231802596
"11:36:22","3/30/2023","00:50:47",-6.06552,256,58,47.6300201,-122.3980102,10,46.4,50.8166666666667,1.022,100,1.22460821190313,225,3.75,47.6300250813644,-122.397988676453,0.165841349058298
"11:36:23","3/30/2023","00:50:48",-6.096,258,58,47.6300125,-122.3980102,10,46.36,50.8333333333333,1.008,100,0.844674964006125,226,3.76666666666667,47.6300236670108,-122.397987912445,0.167345195395028
"11:36:24","3/30/2023","00:50:49",-6.096,258,58,47.6300201,-122.3979949,10,46.38,50.85,0.997666666666667,100,1.42645442151698,227,3.78333333333333,47.6300222104668,-122.397987305416,0.168183761999371
"11:36:25","3/30/2023","00:50:50",-6.096,257,58,47.6300201,-122.3979949,10,46.38,50.8666666666667,0.985111111111111,100,0,228,3.8,47.6300207313343,-122.397987044495,0.165557549865028
"11:36:26","3/30/2023","00:50:51",-6.096,259,58,47.6300201,-122.3979873,10,46.36,50.8833333333333,0.977222222222222,100,0.570981793939011,229,3.81666666666667,47.6300191957762,-122.397987040341,0.17066442490605
"11:36:27","3/30/2023","00:50:52",-6.096,258,58,47.6300163,-122.3979873,10,46.38,50.9,0.971,100,0.422337483437466,230,3.83333333333333,47.6300176769512,-122.397986957935,0.168917902967796
"11:36:28","3/30/2023","00:50:53",-6.12648,259,58,47.6300163,-122.3979797,10,46.38,50.9166666666667,0.959777777777778,100,0.570981833836396,231,3.85,47.6300163027929,-122.397986603415,0.155031045180386
"11:36:29","3/30/2023","00:50:54",-6.12648,259,58,47.6300163,-122.3979721,10,46.36,50.9333333333333,0.951888888888889,100,0.570981834146539,232,3.86666666666667,47.6300150207236,-122.39798581783,0.15423067637657
"11:36:30","3/30/2023","00:50:55",-6.096,257,58,47.6300163,-122.3979721,10,46.36,50.95,0.942111111111111,100,0,233,3.88333333333333,47.6300137631985,-122.397985008467,0.152417862901369
"11:36:31","3/30/2023","00:50:56",-6.096,259,58,47.6300201,-122.3979644,10,46.38,50.9666666666667,0.933111111111111,100,0.716257710700676,234,3.9,47.6300125731727,-122.397983964301,0.15377581300905
"11:36:32","3/30/2023","00:50:57",-6.096,257,58,47.6300239,-122.3979415,10,46.36,50.9833333333333,0.935111111111111,100,1.77153760995711,235,3.91666666666667,47.6300114541879,-122.397982552311,0.163462932132627
"11:36:33","3/30/2023","00:50:58",-6.096,258,58,47.6300277,-122.3979415,10,46.36,51,0.934222222222222,100,0.422337484445602,236,3.93333333333333,47.6300103390654,-122.397981290622,0.156029771213731
"11:36:34","3/30/2023","00:50:59",-6.096,258,58,47.6300239,-122.3979339,10,46.38,51.0166666666667,0.933222222222222,100,0.710203556514375,237,3.95,47.6300093980512,-122.397979603986,0.164301579190857
"11:36:35","3/30/2023","00:51:00",-6.096,258,58,47.6300239,-122.3979339,10,46.35,51.0333333333333,0.935777777777778,100,0,238,3.96666666666667,47.6300084239334,-122.397977671618,0.181101400498768
"11:36:36","3/30/2023","00:51:01",-6.096,258,58,47.6300239,-122.3979339,10,46.36,51.05,0.933555555555556,100,0,239,3.98333333333333,47.6300076294384,-122.397975592098,0.179459667732053
"11:36:37","3/30/2023","00:51:02",-6.096,258,58,47.6300163,-122.3979492,10,46.36,51.0666666666667,0.932111111111111,100,1.42645436234429,240,4,47.6300067240894,-122.397973458195,0.189279567302878
"11:36:38","3/30/2023","00:51:03",-6.096,258,58,47.6300125,-122.3979492,10,46.38,51.0833333333333,0.930444444444445,100,0.422337484115726,241,4.01666666666667,47.6300055342773,-122.397971774243,0.183009623966678
"11:36:39","3/30/2023","00:51:04",-6.06552,257,58,47.6300086,-122.3979568,10,46.36,51.1,0.935444444444445,100,0.716868637454315,242,4.03333333333333,47.6300044997932,-122.39796984103,0.185240098649295
"11:36:40","3/30/2023","00:51:06",-6.06552,257,58,47.6300086,-122.3979568,10,46.38,51.1166666666667,0.941444444444444,100,0,243,4.05,47.6300032317335,-122.397968481094,0.174072664737967
"11:36:41","3/30/2023","00:51:06",-6.06552,257,58,47.6300048,-122.3979568,10,46.36,51.1333333333333,0.944111111111111,100,0.422337482859078,244,4.06666666666667,47.6300020030361,-122.397967043691,0.174098970136284
"11:36:42","3/30/2023","00:51:07",-6.06552,258,58,47.630001,-122.3979644,10,46.35,51.15,0.940333333333333,100,0.710203753262912,245,4.08333333333333,47.6300006344836,-122.39796589275,0.174963541161424
"11:36:43","3/30/2023","00:51:08",-6.06552,258,58,47.6299858,-122.3979949,10,46.35,51.1666666666667,0.928444444444445,100,2.84685900844713,246,4.1,47.629999256986,-122.397964885625,0.170774205737574
"11:36:44","3/30/2023","00:51:09",-6.096,258,58,47.6300048,-122.3979568,10,46.36,51.1833333333333,0.921333333333333,100,3.55706206146212,247,4.11666666666667,47.6299978571107,-122.397964133486,0.165528060543374
"11:36:45","3/30/2023","00:51:10",-6.06552,258,58,47.6299972,-122.3979644,10,46.36,51.2,0.917333333333333,100,1.01955688507631,248,4.13333333333333,47.6299963815635,-122.397963753623,0.166459120105564
"11:36:46","3/30/2023","00:51:11",-6.06552,257,58,47.6300048,-122.3979415,10,46.36,51.2166666666667,0.91,100,1.91662586882178,249,4.15,47.6299949027289,-122.397963352575,0.167098746569961
"11:36:47","3/30/2023","00:51:12",-6.096,257,58,47.6300048,-122.3979415,10,46.36,51.2333333333333,0.894444444444444,100,0,250,4.16666666666667,47.6299933505639,-122.39796330399,0.172548474067081
"11:36:48","3/30/2023","00:51:13",-6.06552,256,58,47.6299896,-122.3979644,10,46.36,51.25,0.882555555555556,100,2.4111993977427,251,4.18333333333333,47.6299915980493,-122.397963841171,0.198914170145569
"11:36:49","3/30/2023","00:51:14",-6.03504,257,58,47.6299819,-122.3979797,10,46.36,51.2666666666667,0.877333333333333,100,1.43306418704852,252,4.2,47.6299897663734,-122.397964556484,0.210549063458544
"11:36:50","3/30/2023","00:51:15",-6.06552,255,58,47.6299781,-122.3979873,10,46.36,51.2833333333333,0.887777777777778,100,0.710203951603483,253,4.21666666666667,47.6299879074078,-122.397965474441,0.217814470100984
"11:36:51","3/30/2023","00:51:16",-6.00456,256,58,47.6299781,-122.3979873,10,46.38,51.3,0.903222222222222,100,0,254,4.23333333333333,47.629986142694,-122.397966113812,0.201929415485427
"11:36:52","3/30/2023","00:51:17",-6.00456,256,58,47.6299743,-122.3979949,10,46.35,51.3166666666667,0.915111111111111,100,0.710203985955437,255,4.25,47.6299844319004,-122.397966600967,0.193630517919082
"11:36:53","3/30/2023","00:51:18",-5.97408,257,58,47.6299743,-122.39800635,10,46.35,51.3333333333333,0.926555555555556,100,5.87071528692469,256,4.26666666666667,47.6299827732555,-122.397967088544,0.187948472678428
"11:36:54","3/30/2023","00:51:19",-5.91312,257,58,47.6299743,-122.3980178,10,46.36,51.35,0.942333333333333,100,4.20721768439842,257,4.28333333333333,47.6299810969808,-122.39796758457,0.189994165474737
"11:36:55","3/30/2023","00:51:20",-5.91312,257,58,47.6299819,-122.3979721,10,46.36,51.3666666666667,0.964444444444444,100,3.53578215700018,258,4.3,47.6299793492761,-122.397968172911,0.199208194683634
"11:36:56","3/30/2023","00:51:21",-5.91312,257,58,47.6299781,-122.3979721,10,46.36,51.3833333333333,0.987444444444444,100,0.422337479408175,259,4.31666666666667,47.6299776735182,-122.397968677322,0.190062466622189
"11:36:57","3/30/2023","00:51:22",-5.88264,257,58,47.6299743,-122.3979721,10,46.38,51.4,0.998888888888889,100,0.422337481268052,260,4.33333333333333,47.6299760167031,-122.397969176583,0.187922247638444
"11:36:58","3/30/2023","00:51:23",-5.91312,258,58,47.6299667,-122.3979797,10,46.36,51.4166666666667,0.997222222222222,100,1.01955706691905,261,4.35,47.6299743663181,-122.397969635347,0.186636287420365
"11:36:59","3/30/2023","00:51:24",-5.9436,258,58,47.6299667,-122.3979873,10,46.38,51.4333333333333,0.988888888888889,100,0.570982374096395,262,4.36666666666667,47.6299729086154,-122.397969569972,0.162085608037129
"11:37:00","3/30/2023","00:51:25",-5.9436,258,58,47.6299629,-122.3979873,10,46.36,51.45,0.971,100,0.422337478758401,263,4.38333333333333,47.6299713111344,-122.397969563846,0.177546946676704
"11:37:01","3/30/2023","00:51:26",-5.88264,259,58,47.6299629,-122.3979873,10,46.36,51.4666666666667,0.958555555555555,100,0,264,4.4,47.6299696197036,-122.39796980605,0.188866683804021
"11:37:02","3/30/2023","00:51:27",-5.76072,258,58,47.6299629,-122.3979797,10,46.38,51.4833333333333,0.986777777777778,100,0.57098241555346,265,4.41666666666667,47.6299676405081,-122.39797067576,0.229470018386365
"11:37:03","3/30/2023","00:51:28",-5.57784,260,58,47.6299629,-122.3979797,10,46.36,51.5,1.07311111111111,100,0,266,4.43333333333333,47.6299657532058,-122.397971690454,0.223180890314609
"11:37:04","3/30/2023","00:51:29",-5.42544,257,58,47.6299629,-122.3979797,10,46.36,51.5166666666667,1.22477777777778,100,0,267,4.45,47.6299637613575,-122.397972760989,0.235534448866457
"11:37:05","3/30/2023","00:51:30",-5.36448,257,58,47.6299629,-122.3979797,10,46.36,51.5333333333333,1.37011111111111,100,0,268,4.46666666666667,47.6299617768758,-122.397973911081,0.236879331921214
"11:37:06","3/30/2023","00:51:31",-5.30352,257,58,47.6299514,-122.3979873,10,46.36,51.55,1.45555555555556,100,1.39986733003272,269,4.48333333333333,47.6299598176455,-122.397974983575,0.232181484604595
"11:37:07","3/30/2023","00:51:32",-5.30352,257,58,47.6299514,-122.3979873,10,46.35,51.5666666666667,1.49733333333333,100,0,270,4.5,47.6299578319473,-122.397976326407,0.2426593126112
"11:37:08","3/30/2023","00:51:33",-5.24256,257,58,47.6299591,-122.3979797,10,46.35,51.5833333333333,1.49077777777778,100,1.02878374660796,271,4.51666666666667,47.6299558083215,-122.397977589485,0.244108189827105
"11:37:09","3/30/2023","00:51:34",-5.21208,257,58,47.6299552,-122.3979721,10,46.35,51.6,1.3972,100,0.716869095706821,272,4.53333333333333,47.6299538800467,-122.397978893299,0.235636203677512
"11:37:10","3/30/2023","00:51:35",-5.21208,257,58,47.6299552,-122.3979721,10,46.35,51.6166666666667,1.310875,100,0,273,4.55,47.6299519644702,-122.397980275717,0.236882449702909
"11:37:11","3/30/2023","00:51:36",-5.1816,257,58,47.6299552,-122.3979644,10,46.36,51.6333333333333,1.41477777777778,100,0.578495429455527,274,4.56666666666667,47.6299499140126,-122.397981801704,0.255103897375769
"11:37:12","3/30/2023","00:51:37",-5.21208,257,58,47.6299514,-122.3979644,10,46.35,51.65,1.50377777777778,100,0.422337477859182,275,4.58333333333333,47.6299480636557,-122.397982932868,0.222518911426781
"11:37:13","3/30/2023","00:51:38",-5.24256,257,58,47.6299552,-122.3979568,10,46.35,51.6666666666667,1.46133333333333,100,0.710204185588368,276,4.6,47.6299461875184,-122.397984356399,0.234344270956603
"11:37:14","3/30/2023","00:51:39",-5.24256,258,58,47.6299514,-122.3979568,10,46.35,51.6833333333333,1.43322222222222,100,0.422337478180916,277,4.61666666666667,47.629944426668,-122.397985632294,0.217918382365519
"11:37:15","3/30/2023","00:51:40",-5.27304,258,58,47.6299514,-122.3979644,10,46.35,51.7,1.46077777777778,100,0.570982541888349,278,4.63333333333333,47.6299427270217,-122.397986857507,0.21013502869193
"11:37:16","3/30/2023","00:51:41",-5.27304,257,58,47.6299476,-122.3979568,10,46.36,51.7166666666667,1.49411111111111,100,0.710204218428793,279,4.65,47.6299410204875,-122.397987900762,0.205223578920723
"11:37:17","3/30/2023","00:51:42",-5.27304,257,58,47.6299552,-122.3979415,10,46.35,51.7333333333333,1.52777777777778,100,1.42645556848117,280,4.66666666666667,47.6299393503679,-122.397988769797,0.196767326788144
"11:37:18","3/30/2023","00:51:43",-5.334,257,58,47.6299476,-122.3979492,10,46.35,51.75,1.53222222222222,100,1.0237835679079,281,4.68333333333333,47.6299376500495,-122.397989579856,0.19853390019899
"11:37:19","3/30/2023","00:51:44",-5.60832,256,58,47.62994,-122.3979568,10,46.36,51.7666666666667,1.43344444444444,100,1.01955722881626,282,4.7,47.6299359084179,-122.397990698138,0.211014219832934
"11:37:20","3/30/2023","00:51:45",-5.85216,257,58,47.6299362,-122.3979644,10,46.36,51.7833333333333,1.20944444444444,100,0.710204318562711,283,4.71666666666667,47.6299342567434,-122.39799173374,0.199377104372754
"11:37:21","3/30/2023","00:51:47",-5.97408,257,58,47.6299285,-122.3979873,10,46.36,51.8,0.976555555555556,100,1.92155188504911,284,4.73333333333333,47.6299324479957,-122.397992946586,0.220714024286414
"11:37:22","3/30/2023","00:51:47",-6.00456,257,58,47.6299209,-122.3980102,10,46.36,51.8166666666667,0.843777777777778,100,1.91662810616082,285,4.75,47.629930652756,-122.397994093147,0.217326012051725
"11:37:23","3/30/2023","00:51:48",-6.00456,258,58,47.6299171,-122.3980255,10,46.36,51.8333333333333,0.798333333333333,100,1.22461025115795,286,4.76666666666667,47.6299287485912,-122.397995516238,0.237105324406056
"11:37:24","3/30/2023","00:51:49",-5.9436,257,58,47.6299171,-122.3980331,10,46.31,51.85,0.802,100,0.570982912110269,287,4.78333333333333,47.6299269363327,-122.397996804505,0.223464717686332
"11:37:25","3/30/2023","00:51:50",-5.88264,258,58,47.6299133,-122.3980331,10,46.35,51.8666666666667,0.833555555555555,100,0.422337472145478,288,4.8,47.6299250382703,-122.397998307395,0.239270217034673
"11:37:26","3/30/2023","00:51:51",-5.7912,258,58,47.6299133,-122.3980331,10,46.35,51.8833333333333,0.872888888888889,100,0,289,4.81666666666667,47.6299231286037,-122.397999987062,0.246924305149162
"11:37:27","3/30/2023","00:51:52",-5.73024,257,58,47.6299133,-122.3980331,10,46.35,51.9,0.929222222222222,100,0,290,4.83333333333333,47.6299209869196,-122.398002003082,0.282132995982917
"11:37:28","3/30/2023","00:51:53",-5.73024,257,58,47.6299095,-122.3980331,10,46.35,51.9166666666667,0.988222222222222,100,0.422337474007163,291,4.85,47.6299188229004,-122.398004021147,0.284312333080309
"11:37:29","3/30/2023","00:51:54",-5.66928,256,58,47.6299095,-122.3980407,10,46.35,51.9333333333333,1.028,100,0.570982994568964,292,4.86666666666667,47.6299165017813,-122.398006429515,0.315101172758646
"11:37:30","3/30/2023","00:51:55",-5.60832,257,58,47.6299133,-122.3980255,10,46.36,51.95,1.06577777777778,100,1.21756115631314,293,4.88333333333333,47.629914141043,-122.398008723097,0.313900711645102
"11:37:31","3/30/2023","00:51:56",-5.66928,257,58,47.6299133,-122.3980178,10,46.33,51.9666666666667,1.08266666666667,100,0.578495889338291,294,4.9,47.629911854215,-122.398010912482,0.302744076259892
"11:37:32","3/30/2023","00:51:57",-5.6388,257,58,47.6299247,-122.3979949,10,46.35,51.9833333333333,1.07588888888889,100,2.13665828868185,295,4.91666666666667,47.6299094060504,-122.398013460869,0.33270220307368
"11:37:33","3/30/2023","00:51:59",-5.66928,258,58,47.6299247,-122.3979873,10,46.35,52,1.06966666666667,100,0.570982833147276,296,4.93333333333333,47.62990704857,-122.398015682362,0.310655131836245
"11:37:34","3/30/2023","00:51:59",-5.69976,258,58,47.6299095,-122.3980026,10,46.35,52.0166666666667,1.06322222222222,100,2.04333171681893,297,4.95,47.629904725118,-122.398017432963,0.28979572197196
"11:37:35","3/30/2023","00:52:00",-5.69976,258,58,47.6299209,-122.3979721,10,46.35,52.0333333333333,1.05433333333333,100,2.61840393754033,298,4.96666666666667,47.6299024655628,-122.398018934763,0.275312256262063
"11:37:36","3/30/2023","00:52:01",-5.69976,257,58,47.6299095,-122.3979873,10,46.35,52.05,1.054,100,1.70569825544124,299,4.98333333333333,47.6299002856608,-122.398020159119,0.259151722741942
"11:37:37","3/30/2023","00:52:02",-5.66928,255,58,47.6299095,-122.3979797,10,46.35,52.0666666666667,1.04366666666667,100,0.570982997146883,300,5,47.6298981819541,-122.398020965757,0.241535240871056
"11:37:38","3/30/2023","00:52:03",-5.6388,257,58,47.6299018,-122.3979873,10,46.35,52.0833333333333,1.04,100,1.02878403967927,301,5.01666666666667,47.6298961507466,-122.39802127725,0.226961071005805
"11:37:39","3/30/2023","00:52:04",-5.66928,256,58,47.6299018,-122.3979873,10,46.35,52.1,1.05644444444444,100,0,302,5.03333333333333,47.6298943198894,-122.398020904949,0.20539753107845
"11:37:40","3/30/2023","00:52:05",-5.6388,256,58,47.6299018,-122.3979949,10,46.35,52.1166666666667,1.06822222222222,100,0.570983082515841,303,5.05,47.6298928305479,-122.398019584672,0.192972346190285
"11:37:41","3/30/2023","00:52:06",-5.6388,256,58,47.6298942,-122.3980026,10,46.35,52.1333333333333,1.07322222222222,100,1.023783890284,304,5.06666666666667,47.629891036896,-122.398018628791,0.211890077465832
"11:37:42","3/30/2023","00:52:07",-5.69976,256,58,47.6298942,-122.3980026,10,46.33,52.15,1.07811111111111,100,0,305,5.08333333333333,47.629889471616,-122.398017135222,0.207016860818325
"11:37:43","3/30/2023","00:52:08",-5.66928,256,58,47.6298904,-122.3980102,10,46.36,52.1666666666667,1.06888888888889,100,0.710204716173715,306,5.1,47.6298877930604,-122.398015835216,0.210577063451239
"11:37:44","3/30/2023","00:52:09",-5.66928,258,58,47.6298828,-122.3980331,10,46.35,52.1833333333333,1.05688888888889,100,1.91662922129277,307,5.11666666666667,47.6298860946784,-122.39801455698,0.211785080393857
"11:37:45","3/30/2023","00:52:10",-5.69976,256,58,47.6298789,-122.3980407,10,46.35,52.2,1.04566666666667,100,0.716869749797092,308,5.13333333333333,47.6298845862288,-122.39801277987,0.214319174640119
"11:37:46","3/30/2023","00:52:11",-5.66928,258,57,47.6298789,-122.3980407,10,46.35,52.2166666666667,1.03511111111111,100,0,309,5.15,47.6298833055749,-122.398010596031,0.21720499632924
"11:37:47","3/30/2023","00:52:12",-5.69976,258,57,47.6298789,-122.3980331,10,46.33,52.2333333333333,1.02944444444444,100,0.570983327855989,310,5.16666666666667,47.6298820709188,-122.398008231768,0.22445619839959
"11:37:48","3/30/2023","00:52:13",-5.69976,259,57,47.6298751,-122.3980255,10,46.35,52.25,1.02444444444444,100,0.710204846658034,311,5.18333333333333,47.6298808895551,-122.398005909402,0.218361702929215
"11:37:49","3/30/2023","00:52:14",-5.69976,259,57,47.6298789,-122.3980178,10,46.33,52.2666666666667,1.01688888888889,100,0.716258958861197,312,5.2,47.6298795996737,-122.398003906307,0.207844906093205
"11:37:50","3/30/2023","00:52:15",-5.69976,259,57,47.6298751,-122.3980178,10,46.35,52.2833333333333,1.02022222222222,100,0.422337471845834,313,5.21666666666667,47.6298783601482,-122.398001752519,0.212513368785894
"11:37:51","3/30/2023","00:52:16",-5.69976,259,57,47.6298713,-122.3980255,10,46.36,52.3,1.01977777777778,100,0.716258992704126,314,5.23333333333333,47.6298772257269,-122.397999101324,0.235733360438924
"11:37:52","3/30/2023","00:52:17",-5.69976,259,57,47.6298675,-122.3980255,10,46.36,52.3166666666667,1.01277777777778,100,0.422337469654315,315,5.25,47.6298760928652,-122.397996627737,0.224474832754425
"11:37:53","3/30/2023","00:52:18",-5.73024,258,57,47.6298675,-122.3980331,10,46.36,52.3333333333333,1.01233333333333,100,0.570983452384729,316,5.26666666666667,47.6298750547216,-122.397993754237,0.244783084824943
"11:37:54","3/30/2023","00:52:19",-5.73024,258,57,47.6298675,-122.3980331,10,46.33,52.35,1.006,100,0,317,5.28333333333333,47.6298741100628,-122.39799067597,0.253984391217023
"11:37:55","3/30/2023","00:52:20",-5.73024,258,57,47.6298713,-122.3980102,10,46.33,52.3666666666667,1.00266666666667,100,1.77154246106436,318,5.3,47.6298732746226,-122.397987411011,0.262280071814441
"11:37:56","3/30/2023","00:52:21",-5.73024,258,57,47.6298713,-122.3979949,10,46.35,52.3833333333333,1.001,100,1.14947976601254,319,5.31666666666667,47.6298723813782,-122.397984054372,0.271019779752806
"11:37:57","3/30/2023","00:52:22",-5.73024,258,57,47.6298675,-122.3979949,10,46.35,52.4,1.00288888888889,100,0.422337470948372,320,5.33333333333333,47.6298716288992,-122.397980700829,0.265467253404665
"11:37:58","3/30/2023","00:52:23",-5.73024,258,57,47.6298599,-122.3980102,10,46.36,52.4166666666667,1.01144444444444,100,1.42645710492688,321,5.35,47.6298708344116,-122.397977336426,0.267745050299721
"11:37:59","3/30/2023","00:52:24",-5.73024,258,57,47.6298599,-122.3980026,10,46.35,52.4333333333333,1.01544444444444,100,0.570983538208206,322,5.36666666666667,47.6298701218563,-122.397973981008,0.264237387418783
"11:38:00","3/30/2023","00:52:25",-5.73024,257,57,47.6298599,-122.3979949,10,46.35,52.45,1.015,100,0.578496477740504,323,5.38333333333333,47.6298695839416,-122.397970211523,0.289440777521651
"11:38:01","3/30/2023","00:52:26",-5.69976,257,57,47.6298599,-122.3979873,10,46.36,52.4666666666667,1.018,100,0.570983538966565,324,5.4,47.6298690067096,-122.397966356052,0.296678688877757
"11:38:02","3/30/2023","00:52:27",-5.73024,256,57,47.6298561,-122.3979873,10,46.36,52.4833333333333,1.03044444444444,100,0.422337471264667,325,5.41666666666667,47.6298685570509,-122.397962233407,0.313737751550675
"11:38:03","3/30/2023","00:52:28",-5.69976,256,57,47.6298561,-122.3979873,10,46.36,52.5,1.039,100,0,326,5.43333333333333,47.6298683476086,-122.397957908924,0.325728660573429
"11:38:04","3/30/2023","00:52:29",-5.66928,256,57,47.6298561,-122.3979721,10,46.35,52.5166666666667,1.05444444444444,100,1.14196715792163,327,5.45,47.6298680172815,-122.397953771433,0.313007728423856
"11:38:05","3/30/2023","00:52:30",-5.6388,255,57,47.6298561,-122.3979721,10,46.33,52.5333333333333,1.07622222222222,100,0,328,5.46666666666667,47.6298676114861,-122.397949732128,0.306803645717779
"11:38:06","3/30/2023","00:52:31",-5.66928,257,57,47.6298637,-122.3979492,10,46.36,52.55,1.08988888888889,100,1.91663001799183,329,5.48333333333333,47.629867229549,-122.397946099846,0.276172927973152
"11:38:07","3/30/2023","00:52:32",-5.66928,257,57,47.6298599,-122.3979415,10,46.33,52.5666666666667,1.09144444444444,100,0.716259097311028,330,5.5,47.62986668925,-122.397942870357,0.249950174050618
"11:38:08","3/30/2023","00:52:33",-5.6388,256,57,47.6298637,-122.3979263,10,46.35,52.5833333333333,1.09277777777778,100,1.21756218003374,331,5.51666666666667,47.6298661751459,-122.397939929174,0.228237181520234
"11:38:09","3/30/2023","00:52:34",-5.66928,257,57,47.6298599,-122.3979339,10,46.35,52.6,1.09611111111111,100,0.710204985697012,332,5.53333333333333,47.6298655614397,-122.397937420154,0.200462137179463
"11:38:10","3/30/2023","00:52:35",-5.66928,256,57,47.6298637,-122.3979263,10,46.36,52.6166666666667,1.08555555555556,100,0.710204985697012,333,5.55,47.6298648475196,-122.397935456195,0.167532428532126
"11:38:11","3/30/2023","00:52:37",-5.66928,255,57,47.6298637,-122.3979187,10,46.36,52.6333333333333,1.06955555555556,100,0.570983498881565,334,5.56666666666667,47.6298641423142,-122.397933905112,0.140437628675323
"11:38:12","3/30/2023","00:52:37",-5.69976,250,57,47.6298675,-122.3979034,10,46.33,52.65,1.05666666666667,100,1.22461135904176,335,5.58333333333333,47.6298633732661,-122.397932495977,0.136064595853023
"11:38:13","3/30/2023","00:52:38",-5.69976,258,57,47.6298713,-122.3978881,10,46.35,52.6666666666667,1.06155555555556,100,1.22461128325781,336,5.6,47.629862705821,-122.397931272214,0.118134964121
"11:38:14","3/30/2023","00:52:39",-5.69976,259,57,47.6298713,-122.3978805,10,46.35,52.6833333333333,1.06344444444444,100,0.570983419809776,337,5.61666666666667,47.6298617858792,-122.397930592133,0.114299495955262
"11:38:15","3/30/2023","00:52:40",-5.69976,253,57,47.6298751,-122.3978805,10,46.33,52.7,1.05133333333333,100,0.422337475786307,338,5.63333333333333,47.6298609635489,-122.397930134446,0.097649455731846
"11:38:16","3/30/2023","00:52:41",-5.69976,257,57,47.6298751,-122.3978729,10,46.36,52.7166666666667,1.04744444444444,100,0.570983376945668,339,5.65,47.6298601143394,-122.397930021481,0.0947631853752578
"11:38:17","3/30/2023","00:52:42",-5.69976,256,57,47.6298751,-122.3978652,10,46.38,52.7333333333333,1.05488888888889,100,0.578496318194588,340,5.66666666666667,47.6298591336775,-122.397930341085,0.111605804136782
"11:38:18","3/30/2023","00:52:43",-5.69976,253,57,47.6298789,-122.3978576,10,46.35,52.75,1.061,100,0.7102048569654,341,5.68333333333333,47.629858227975,-122.397930529679,0.101653391473399
"11:38:19","3/30/2023","00:52:44",-5.73024,254,57,47.6298751,-122.3978652,10,46.35,52.7666666666667,1.058,100,0.7102048569654,342,5.7,47.6298573503818,-122.39793063315,0.0978462622912769
"11:38:20","3/30/2023","00:52:45",-5.73024,257,57,47.6298789,-122.3978576,10,46.36,52.7833333333333,1.0385,100,0.7102048569654,343,5.71666666666667,47.6298565137769,-122.397930577361,0.0930758933268734
"11:38:21","3/30/2023","00:52:46",-5.73024,255,57,47.6298751,-122.3978652,10,46.36,52.8,1.0177,100,0.7102048569654,344,5.73333333333333,47.629855646666,-122.397930566409,0.0963754661789704
"11:38:22","3/30/2023","00:52:47",-5.73024,254,57,47.6298751,-122.3978729,10,46.36,52.8166666666667,1.01977777777778,100,0.578496318194588,345,5.75,47.6298547499217,-122.397930575755,0.0996679259598408
"11:38:23","3/30/2023","00:52:48",-5.73024,258,57,47.6298599,-122.3979034,10,46.38,52.8333333333333,1.02044444444444,100,2.84686343780928,346,5.76666666666667,47.6298537697456,-122.397930723772,0.109504302180303
"11:38:24","3/30/2023","00:52:49",-5.73024,259,57,47.6298599,-122.397911,10,46.36,52.85,1.01325,100,0.570983540966239,347,5.78333333333333,47.6298528188357,-122.397930872952,0.106278111386338
"11:38:25","3/30/2023","00:52:50",-5.76072,258,57,47.6298522,-122.3979263,10,46.35,52.8666666666667,1.0096,100,1.43306646293043,348,5.8,47.6298518296426,-122.397931136787,0.111712942364216
"11:38:26","3/30/2023","00:52:51",-5.73024,258,57,47.6298522,-122.3979339,10,46.38,52.8833333333333,1.00933333333333,100,0.570983623706853,349,5.81666666666667,47.6298507511238,-122.397931343483,0.120869849107663
"11:38:27","3/30/2023","00:52:52",-5.69976,260,57,47.6298522,-122.3979339,10,46.38,52.9,1.01677777777778,100,0,350,5.83333333333333,47.6298495159029,-122.397931746143,0.14057780242626
"11:38:28","3/30/2023","00:52:53",-5.69976,261,57,47.6298408,-122.3979721,10,46.38,52.9166666666667,1.055375,100,3.13718039583422,351,5.85,47.6298481256818,-122.39793249147,0.164344931589741
"11:38:29","3/30/2023","00:52:54",-5.69976,263,57,47.6298446,-122.3979721,10,46.38,52.9333333333333,1.07566666666667,100,0.422337470039198,352,5.86666666666667,47.6298463815375,-122.397933842356,0.218808203202093
"11:38:30","3/30/2023","00:52:55",-5.66928,262,57,47.629837,-122.3979797,10,46.36,52.95,1.06866666666667,100,1.01955784112134,353,5.88333333333333,47.6298444586485,-122.397935452941,0.245590453829111
"11:38:31","3/30/2023","00:52:56",-5.69976,262,57,47.6298332,-122.3979873,10,46.38,52.9666666666667,1.06966666666667,100,0.710205214243803,354,5.9,47.6298427037709,-122.397936917786,0.223946676696313
"11:38:32","3/30/2023","00:52:57",-5.69976,262,57,47.6298294,-122.3980026,10,46.38,52.9833333333333,1.07944444444444,100,1.22461205666152,355,5.91666666666667,47.6298406756339,-122.397939020913,0.275274075300538
"11:38:33","3/30/2023","00:52:58",-5.69976,262,57,47.6298294,-122.3980026,10,46.36,53,1.0786,100,0,356,5.93333333333333,47.6298386896762,-122.39794114293,0.272277289432435
"11:38:34","3/30/2023","00:52:59",-5.73024,258,57,47.6298255,-122.3979949,10,46.36,53.0166666666667,1.071625,100,0.722868513694466,357,5.95,47.6298366425962,-122.397943502093,0.288406346127328
"11:38:35","3/30/2023","00:53:00",-5.73024,257,57,47.6298294,-122.3979797,10,46.38,53.0333333333333,1.06933333333333,100,1.22146253202505,358,5.96666666666667,47.6298346706622,-122.397945845192,0.281107194334828
"11:38:36","3/30/2023","00:53:01",-5.66928,259,57,47.6298294,-122.3979721,10,46.38,53.05,1.07744444444444,100,0.570983869978032,359,5.98333333333333,47.6298325424429,-122.397948504299,0.309610989775454
"11:38:37","3/30/2023","00:53:02",-5.60832,255,57,47.6298255,-122.3979721,10,46.38,53.0666666666667,1.11022222222222,100,0.433451611554553,360,6,47.6298303930664,-122.3979510556,0.306278226195002
"11:38:38","3/30/2023","00:53:03",-5.54736,258,57,47.6298294,-122.3979568,10,46.36,53.0833333333333,1.16311111111111,100,1.22848941827598,361,6.01666666666667,47.6298284124381,-122.397953466874,0.285088215008211
"11:38:39","3/30/2023","00:53:04",-5.51688,256,57,47.6298294,-122.3979492,10,46.35,53.1,1.21544444444444,100,0.570983873040054,362,6.03333333333333,47.6298262974219,-122.397955848501,0.295418437940267
"11:38:40","3/30/2023","00:53:05",-5.4864,256,57,47.6298294,-122.3979492,10,46.36,53.1166666666667,1.26211111111111,100,0,363,6.05,47.6298243674374,-122.397957943616,0.266058433575136
"11:38:41","3/30/2023","00:53:06",-5.45592,256,57,47.6298255,-122.3979415,10,46.38,53.1333333333333,1.3002,100,0.722868516492298,364,6.06666666666667,47.6298225598687,-122.397959455616,0.230788007115579
"11:38:42","3/30/2023","00:53:07",-5.4864,256,57,47.6298294,-122.3979339,10,46.36,53.15,1.32333333333333,100,0.716870217458092,365,6.08333333333333,47.6298208898321,-122.397960584954,0.20408359263141
"11:38:43","3/30/2023","00:53:08",-5.51688,256,57,47.6298255,-122.3979339,10,46.38,53.1666666666667,1.32655555555556,100,0.433451612280748,366,6.1,47.6298192291605,-122.397961558363,0.198529919594167
"11:38:44","3/30/2023","00:53:09",-5.51688,258,57,47.6298255,-122.3979415,10,46.36,53.1833333333333,1.31788888888889,100,0.57098391617239,367,6.11666666666667,47.6298174649656,-122.397962601331,0.211152501383706
"11:38:45","3/30/2023","00:53:11",-5.54736,258,57,47.6298103,-122.3979797,10,46.38,53.2,1.31311111111111,100,3.33023908244426,368,6.13333333333333,47.6298155869344,-122.39796402274,0.234459058172511
"11:38:46","3/30/2023","00:53:11",-5.51688,257,57,47.6298065,-122.3980026,10,46.36,53.2166666666667,1.31,100,1.77154440897426,369,6.15,47.6298137451919,-122.397965384002,0.228820751545129
"11:38:47","3/30/2023","00:53:12",-5.51688,257,57,47.6298065,-122.3980102,10,46.36,53.2333333333333,1.30622222222222,100,0.570984119925272,370,6.16666666666667,47.6298120569906,-122.397966423836,0.203243108397433
"11:38:48","3/30/2023","00:53:13",-5.51688,257,57,47.6298103,-122.3979949,10,46.36,53.25,1.30675,100,1.22461252635487,371,6.18333333333333,47.6298106410513,-122.397966655015,0.158325065276741
"11:38:49","3/30/2023","00:53:14",-5.54736,257,57,47.6298103,-122.3979797,10,46.36,53.2666666666667,1.29866666666667,100,1.14196815681318,372,6.2,47.6298093665702,-122.397966599507,0.14170904369882
"11:38:50","3/30/2023","00:53:15",-5.54736,258,57,47.6298103,-122.3979721,10,46.36,53.2833333333333,1.29344444444444,100,0.570984078013173,373,6.21666666666667,47.6298080084761,-122.3979663169,0.152426531582538
"11:38:51","3/30/2023","00:53:16",-5.54736,257,57,47.6298065,-122.3979721,10,46.36,53.3,1.27988888888889,100,0.42233746816215,374,6.23333333333333,47.6298067738191,-122.397965499759,0.150328501229176
"11:38:52","3/30/2023","00:53:17",-5.54736,257,57,47.6297988,-122.3979797,10,46.33,53.3166666666667,1.27066666666667,100,1.02878465170053,375,6.25,47.6298054715761,-122.397964807135,0.153803380962789
"11:38:53","3/30/2023","00:53:18",-5.54736,258,57,47.6297988,-122.3979873,10,46.35,53.3333333333333,1.26788888888889,100,0.570984202838501,376,6.26666666666667,47.6298042348823,-122.397964145394,0.146163072816047
"11:38:54","3/30/2023","00:53:19",-5.54736,257,57,47.6297912,-122.3979949,10,46.33,53.35,1.26944444444444,100,1.01955811660424,377,6.28333333333333,47.6298031935881,-122.397963252977,0.133749489930766
"11:38:55","3/30/2023","00:53:20",-5.54736,258,57,47.6297912,-122.3979949,10,46.35,53.3666666666667,1.26688888888889,100,0,378,6.3,47.6298022565293,-122.397962144024,0.133370952898156
"11:38:56","3/30/2023","00:53:21",-5.54736,257,57,47.6297988,-122.3979721,10,46.35,53.3833333333333,1.25733333333333,100,1.90989078679038,379,6.31666666666667,47.6298014583434,-122.397960833728,0.132516176676425
"11:38:57","3/30/2023","00:53:22",-5.54736,256,57,47.629795,-122.3979644,10,46.33,53.4,1.25288888888889,100,0.716259672865062,380,6.33333333333333,47.6298009126506,-122.397958965646,0.152891714103581
"11:38:58","3/30/2023","00:53:23",-5.54736,254,57,47.6298027,-122.3979415,10,46.36,53.4166666666667,1.25811111111111,100,1.92155580203654,381,6.35,47.6298005367074,-122.39795671723,0.174013143993056
"11:38:59","3/30/2023","00:53:24",-5.51688,250,57,47.6298065,-122.3979263,10,46.36,53.4333333333333,1.27366666666667,100,1.21756334733821,382,6.36666666666667,47.6298002780165,-122.397954205838,0.190857643870729
"11:39:00","3/30/2023","00:53:25",-5.51688,249,57,47.6297988,-122.3979263,10,46.35,53.45,1.2785,100,0.85578908269689,383,6.38333333333333,47.6298002133216,-122.397951269025,0.220758398784855
"11:39:01","3/30/2023","00:53:26",-5.51688,249,57,47.6298027,-122.397911,10,46.35,53.4666666666667,1.2665,100,1.22848997098446,384,6.4,47.6298002196723,-122.397948281218,0.224473566011392
"11:39:02","3/30/2023","00:53:27",-5.51688,249,57,47.6298027,-122.397911,10,46.35,53.4833333333333,1.25425,100,0,385,6.41666666666667,47.6298004813126,-122.397944755242,0.266496111134122
"11:39:03","3/30/2023","00:53:28",-5.51688,246,57,47.629795,-122.3979187,10,46.35,53.5,1.2532,100,1.03297333632781,386,6.43333333333333,47.6298007722217,-122.397941139555,0.273562082391267
"11:39:04","3/30/2023","00:53:29",-5.51688,246,57,47.6297988,-122.397911,10,46.35,53.5166666666667,1.2475,100,0.716259675994313,387,6.45,47.6298013161061,-122.397937157563,0.305210903526399
"11:39:05","3/30/2023","00:53:30",-5.51688,244,57,47.6297912,-122.3979187,10,46.35,53.5333333333333,1.24166666666667,100,1.02378452966503,388,6.46666666666667,47.6298017920018,-122.397933259843,0.297572074811853
"11:39:06","3/30/2023","00:53:31",-5.54736,245,57,47.6297912,-122.3979263,10,46.35,53.55,1.24611111111111,100,0.570984288510125,389,6.48333333333333,47.6298026782049,-122.397928523222,0.369238863582148
"11:39:07","3/30/2023","00:53:32",-5.51688,246,57,47.6297912,-122.3979339,10,46.33,53.5666666666667,1.25344444444444,100,0.570984288309127,390,6.5,47.6298035528344,-122.397923678148,0.3767640564172
"11:39:08","3/30/2023","00:53:33",-5.51688,247,57,47.6297912,-122.3979339,10,46.35,53.5833333333333,1.26211111111111,100,0,391,6.51666666666667,47.629804518098,-122.397918801653,0.381752656754759
"11:39:09","3/30/2023","00:53:34",-5.51688,248,57,47.6297988,-122.3979187,10,46.35,53.6,1.2671,100,1.42041113444878,392,6.53333333333333,47.629805312318,-122.397914226102,0.354911081508711
"11:39:10","3/30/2023","00:53:35",-5.4864,251,57,47.6297988,-122.397911,10,46.35,53.6166666666667,1.2713,100,0.578497158034873,393,6.55,47.6298061058542,-122.397910034235,0.327048910724357
"11:39:11","3/30/2023","00:53:36",-5.51688,250,57,47.6298065,-122.3979034,10,46.33,53.6333333333333,1.27144444444444,100,1.02878465675531,394,6.56666666666667,47.6298068705743,-122.397906057584,0.310617863315266
"11:39:12","3/30/2023","00:53:37",-5.51688,253,57,47.6298065,-122.3979034,10,46.35,53.65,1.25625,100,0,395,6.58333333333333,47.6298075780933,-122.397902244091,0.297100935291446
"11:39:13","3/30/2023","00:53:38",-5.51688,249,57,47.6298027,-122.397911,10,46.35,53.6666666666667,1.24466666666667,100,0.710205484229652,396,6.6,47.629808199672,-122.397898791315,0.268446613743729
"11:39:14","3/30/2023","00:53:39",-5.51688,247,57,47.6298065,-122.3979034,10,46.36,53.6833333333333,1.24855555555556,100,0.710205484229652,397,6.61666666666667,47.6298088331215,-122.397895675285,0.244462672973358
"11:39:15","3/30/2023","00:53:40",-5.51688,248,57,47.6298065,-122.3979034,10,46.36,53.7,1.25522222222222,100,0,398,6.63333333333333,47.6298092533966,-122.397893124101,0.197278709570924
"11:39:16","3/30/2023","00:53:41",-5.51688,248,57,47.6298103,-122.3978958,10,46.36,53.7166666666667,1.25833333333333,100,0.710205454534258,399,6.65,47.6298090433487,-122.397891835003,0.0996231366533825
"11:39:17","3/30/2023","00:53:42",-5.51688,248,57,47.6298141,-122.3978958,10,46.36,53.7333333333333,1.25511111111111,100,0.422337469526976,400,6.66666666666667,47.6298087827333,-122.397890762173,0.0856476931306293
"11:39:18","3/30/2023","00:53:43",-5.54736,248,57,47.6298141,-122.3978881,10,46.35,53.75,1.244,100,0.578496988341897,401,6.68333333333333,47.629808469862,-122.397889909034,0.0729207957939748
"11:39:19","3/30/2023","00:53:44",-5.54736,248,57,47.6298141,-122.3978881,10,46.35,53.7666666666667,1.23588888888889,100,0,402,6.7,47.6298081032643,-122.397889278211,0.0624998064351377
"11:39:20","3/30/2023","00:53:45",-5.51688,251,57,47.6298217,-122.3978805,10,46.36,53.7833333333333,1.22977777777778,100,1.01955798878291,403,6.71666666666667,47.6298076816877,-122.397888871531,0.0559364084413141
"11:39:21","3/30/2023","00:53:46",-5.51688,253,57,47.6298217,-122.3978805,10,46.36,53.8,1.23111111111111,100,0,404,6.73333333333333,47.6298072040984,-122.397888690023,0.0548036360740734
"11:39:22","3/30/2023","00:53:47",-5.51688,252,57,47.6298217,-122.3978805,10,46.36,53.8166666666667,1.23977777777778,100,0,405,6.75,47.6298066696804,-122.397888733919,0.0594874775705514
"11:39:23","3/30/2023","00:53:48",-5.4864,246,57,47.6298217,-122.3978729,10,46.35,53.8333333333333,1.25311111111111,100,0.570983958531854,406,6.76666666666667,47.6298060778357,-122.397889002652,0.0688072281183535
"11:39:24","3/30/2023","00:53:49",-5.4864,249,57,47.6298179,-122.3978805,10,46.36,53.85,1.26277777777778,100,0.710205354176893,407,6.78333333333333,47.629805428185,-122.397889494858,0.0811218299783411
"11:39:25","3/30/2023","00:53:50",-5.51688,249,57,47.6298141,-122.3978881,10,46.35,53.8666666666667,1.264,100,0.710205388528859,408,6.8,47.6298047205666,-122.397890208375,0.0951775657337226
"11:39:26","3/30/2023","00:53:51",-5.51688,249,57,47.6298103,-122.3978881,10,46.35,53.8833333333333,1.25266666666667,100,0.422337469853265,409,6.81666666666667,47.6298039550375,-122.397891140243,0.110183720881815
"11:39:27","3/30/2023","00:53:52",-5.54736,249,57,47.6298103,-122.3978881,10,46.35,53.9,1.23477777777778,100,0,410,6.83333333333333,47.6298031318726,-122.397892286704,0.125653887409847
"11:39:28","3/30/2023","00:53:53",-5.51688,248,57,47.6298103,-122.3978881,10,46.35,53.9166666666667,1.21355555555556,100,0,411,6.85,47.6298022515649,-122.397893643201,0.141275138933269
"11:39:29","3/30/2023","00:53:54",-5.51688,248,57,47.6298065,-122.3978958,10,46.35,53.9333333333333,1.202,100,0.716259573929709,412,6.86666666666667,47.6298013148257,-122.397895204383,0.156831526356225
"11:39:30","3/30/2023","00:53:55",-5.54736,248,57,47.6298065,-122.3978958,10,46.35,53.95,1.20644444444444,100,0,413,6.88333333333333,47.6298003225844,-122.397896964096,0.17216276330872
"11:39:31","3/30/2023","00:53:56",-5.51688,247,57,47.6298065,-122.3978958,10,46.35,53.9666666666667,1.21011111111111,100,0,414,6.9,47.6297992759887,-122.397898915392,0.187141418687526
"11:39:32","3/30/2023","00:53:57",-5.51688,247,57,47.6297988,-122.397911,10,46.35,53.9833333333333,1.2085,100,1.42704822180689,415,6.91666666666667,47.6297981764044,-122.397901050524,0.201660488117967
"11:39:33","3/30/2023","00:53:58",-5.4864,247,57,47.6297988,-122.397911,10,46.36,54,1.2034,100,0,416,6.93333333333333,47.6297970254153,-122.397903360947,0.215625873225565
"11:39:34","3/30/2023","00:53:59",-5.51688,247,57,47.6298027,-122.397911,10,46.35,54.0166666666667,1.19811111111111,100,0.433451613263181,417,6.95,47.6297958248237,-122.397905837318,0.228952106431358
"11:39:35","3/30/2023","00:54:00",-5.45592,246,57,47.629795,-122.397911,10,46.35,54.0333333333333,1.196875,100,0.855789082141207,418,6.96666666666667,47.6297945766498,-122.397908469495,0.241559561359438
"11:39:36","3/30/2023","00:54:01",-5.30352,248,57,47.6298027,-122.3979034,10,46.33,54.05,1.229,100,1.02878467968023,419,6.98333333333333,47.6297932831322,-122.397911246541,0.25337278774714
"11:39:37","3/30/2023","00:54:02",-5.09016,248,57,47.6298027,-122.3978958,10,46.35,54.0666666666667,1.3678,100,0.570984166298691,420,7,47.6297919467275,-122.397914156719,0.264319322343448
"11:39:38","3/30/2023","00:54:03",-4.93776,247,57,47.6298065,-122.3978881,10,46.33,54.0833333333333,1.55033333333333,100,0.716259608234094,421,7.01666666666667,47.6297905701104,-122.397917187494,0.274328926905959
"11:39:39","3/30/2023","00:54:04",-4.8768,247,57,47.6298065,-122.3978881,10,46.35,54.1,1.66466666666667,100,0,422,7.03333333333333,47.629789156174,-122.397920325535,0.283333196491004
"11:39:40","3/30/2023","00:54:05",-4.84632,247,57,47.6297988,-122.3978958,10,46.33,54.1166666666667,1.72066666666667,100,1.03297331450911,423,7.05,47.6297877080294,-122.397923556712,0.291265116593701
"11:39:41","3/30/2023","00:54:06",-4.84632,247,57,47.6297836,-122.3979263,10,46.33,54.1333333333333,1.75055555555556,100,2.84686610315253,424,7.06666666666667,47.629786229006,-122.397926866096,0.298058938890686
"11:39:42","3/30/2023","00:54:07",-4.78536,246,57,47.6297836,-122.3979339,10,46.33,54.15,1.77011111111111,100,0.570984370968745,425,7.08333333333333,47.6297847226514,-122.397930237962,0.303650025691531
"11:39:43","3/30/2023","00:54:08",-4.75488,246,57,47.6297836,-122.3979339,10,46.33,54.1666666666667,1.77688888888889,100,0,426,7.1,47.6297831927311,-122.397933655787,0.307974805222417
"11:39:44","3/30/2023","00:54:09",-4.7244,246,57,47.6297912,-122.397911,10,46.33,54.1833333333333,1.77077777777778,100,1.91663215227992,427,7.11666666666667,47.629781643229,-122.397937102248,0.310970863041825
"11:39:45","3/30/2023","00:54:10",-4.69392,246,57,47.6297912,-122.397911,10,46.33,54.2,1.75244444444444,100,0,428,7.13333333333333,47.6297800783471,-122.397940559226,0.31257698932551
"11:39:46","3/30/2023","00:54:11",-4.7244,245,57,47.6297798,-122.3979263,10,46.31,54.2166666666667,1.7386,100,1.71073916885619,429,7.15,47.6297785025058,-122.397944007805,0.312733359614941
"11:39:47","3/30/2023","00:54:12",-4.69392,245,57,47.6297798,-122.3979187,10,46.31,54.2333333333333,1.72666666666667,100,0.570984412735991,430,7.16666666666667,47.6297769203432,-122.39794742827,0.311381889795836
"11:39:48","3/30/2023","00:54:13",-4.7244,245,57,47.6297721,-122.3979263,10,46.33,54.25,1.71888888888889,100,1.02878481708124,431,7.18333333333333,47.6297753367161,-122.397950800106,0.308466580086329
"11:39:49","3/30/2023","00:54:14",-4.75488,245,57,47.6297683,-122.3979339,10,46.31,54.2666666666667,1.70055555555556,100,0.71020578204299,432,7.2,47.629773756699,-122.397954102005,0.303934238742486
"11:39:50","3/30/2023","00:54:15",-4.7244,243,57,47.6297683,-122.3979415,10,46.33,54.2833333333333,1.6659,100,0.570984539215646,433,7.21666666666667,47.6297721855849,-122.397957311856,0.297735240385408
"11:39:51","3/30/2023","00:54:16",-4.75488,248,57,47.6297569,-122.3979721,10,46.31,54.3,1.65255555555556,100,2.62498710433939,434,7.23333333333333,47.6297706288848,-122.397960406754,0.289825026510201
"11:39:52","3/30/2023","00:54:17",-4.75488,247,57,47.6297531,-122.3979873,10,46.29,54.3166666666667,1.65188888888889,100,1.2175643522708,435,7.25,47.629769092328,-122.397963362995,0.280166007052136
"11:39:53","3/30/2023","00:54:18",-4.75488,248,57,47.6297569,-122.3979797,10,46.31,54.3333333333333,1.65,100,0.710205911117933,436,7.26666666666667,47.6297675818618,-122.397966156075,0.268730664014794
"11:39:54","3/30/2023","00:54:19",-4.78536,247,57,47.6297569,-122.3979797,10,46.31,54.35,1.65455555555556,100,0,437,7.28333333333333,47.6297661036519,-122.397968760696,0.255506438779419
"11:39:55","3/30/2023","00:54:20",-4.78536,248,57,47.6297492,-122.3979949,10,46.33,54.3666666666667,1.6612,100,1.42704907130113,438,7.3,47.629764664082,-122.397971150758,0.240503695246817
"11:39:56","3/30/2023","00:54:21",-4.78536,247,57,47.6297492,-122.3980026,10,46.31,54.3833333333333,1.69722222222222,100,0.578497699489725,439,7.31666666666667,47.6297632697539,-122.397973299367,0.223769270405819
"11:39:57","3/30/2023","00:54:22",-4.78536,249,57,47.6297416,-122.3980178,10,46.31,54.4,1.7047,100,1.42041198965344,440,7.33333333333333,47.629761927488,-122.397975178829,0.205410335198825
"11:39:58","3/30/2023","00:54:23",-4.81584,248,57,47.6297454,-122.3980178,10,46.31,54.4166666666667,1.6809,100,0.422337460615176,441,7.35,47.6297606443222,-122.397976760653,0.185638843278969
"11:39:59","3/30/2023","00:54:24",-4.78536,245,57,47.6297454,-122.3980178,10,46.31,54.4333333333333,1.68622222222222,100,0,442,7.36666666666667,47.6297594275132,-122.397978015548,0.164857388983204
"11:40:00","3/30/2023","00:54:25",-4.78536,245,57,47.6297492,-122.3980102,10,46.31,54.45,1.682625,100,0.71020597780666,443,7.38333333333333,47.6297582845355,-122.397978913428,0.143832085879564
"11:40:01","3/30/2023","00:54:26",-4.81584,246,57,47.6297416,-122.3980178,10,46.31,54.4666666666667,1.6793,100,1.0195584083725,444,7.4,47.629757223082,-122.397979423408,0.1240373995504
"11:40:02","3/30/2023","00:54:27",-4.81584,247,57,47.6297569,-122.3979873,10,46.31,54.4833333333333,1.67475,100,2.85347677830134,445,7.41666666666667,47.6297562510634,-122.397979513805,0.108244802738785
"11:40:03","3/30/2023","00:54:28",-4.84632,246,56,47.6297569,-122.3979797,10,46.31,54.5,1.66,100,0.570984659289225,446,7.43333333333333,47.6297553766091,-122.397979152139,0.100915008870108
"11:40:04","3/30/2023","00:54:29",-4.8768,247,56,47.6297607,-122.3979721,10,46.29,54.5166666666667,1.63955555555556,100,0.710205880586211,447,7.45,47.6297546080663,-122.397978305129,0.106515375816735
"11:40:05","3/30/2023","00:54:30",-4.84632,247,56,47.6297531,-122.3979721,10,46.31,54.5333333333333,1.61455555555556,100,0.844674927900173,448,7.46666666666667,47.6297539540003,-122.397976938701,0.125790678573353
"11:40:06","3/30/2023","00:54:31",-4.8768,247,56,47.6297569,-122.3979721,10,46.31,54.55,1.591,100,0.422337462551789,449,7.48333333333333,47.6297534231951,-122.39797501798,0.155896415984654
"11:40:07","3/30/2023","00:54:32",-4.8768,235,56,47.6297569,-122.3979644,10,46.31,54.5666666666667,1.5742,100,0.578497617793725,450,7.5,47.6297530246522,-122.397972507293,0.193757810981926
"11:40:08","3/30/2023","00:54:33",-4.84632,193,56,47.6297607,-122.3979568,10,46.33,54.5833333333333,1.56966666666667,100,0.710205881021267,451,7.51666666666667,47.6297527675917,-122.39796937017,0.2374159419915
"11:40:09","3/30/2023","00:54:34",-4.78536,168,56,47.6297607,-122.3979492,10,46.29,54.6,1.57166666666667,100,0.570984621226011,452,7.53333333333333,47.6297526614518,-122.397965569345,0.28579795051688
"11:40:10","3/30/2023","00:54:35",-4.7244,131,56,47.6297683,-122.3979339,10,46.31,54.6166666666667,1.57675,100,1.42645885621102,453,7.55,47.6297527158888,-122.39796106675,0.338332089575099
"11:40:11","3/30/2023","00:54:36",-4.7244,109,56,47.6297683,-122.3979263,10,46.33,54.6333333333333,1.57433333333333,100,0.570984537663231,454,7.56666666666667,47.6297529407772,-122.397955823522,0.394713575323463
