flight,date,tape,pass,start,end,pauses,true_m,use,note,active_s,tlog,status,ekf_velocity_m,dvl_m,gps_velocity_m,ekf_position_m,ekf_velocity_coverage,dvl_coverage,gps_velocity_coverage,ekf_position_coverage,source_used,calibrated_m,straightness,resets_removed,marks_compared,marks_moved_1hz
HSIL/2024/2024_10_08_diver-ROV_Centennial_Park,2024-10-08,deep,1,10:07:50,10:39:48,,100,no,out-and-back along both sides of the tape logged as one window; the turn at 100 m was not recorded,1918,logs/2024-10-08 12-18-07.tlog,ok,198.33,193.47,185.65,215.81,1.0,1.0,1.0,1.0,ekf_velocity,200.22,0.049,0,200,106
HSIL/2024/2024_10_08_diver-ROV_Centennial_Park,2024-10-08,deep,2,10:48:08,10:51:00,,100,no,3-minute window; not a full pass,172,logs/2024-10-08 12-18-07.tlog,ok,10.61,10.35,9.52,14.42,1.0,1.0,1.0,1.0,ekf_velocity,10.71,0.669,0,10,2
HSIL/2024/2024_10_08_diver-ROV_Centennial_Park,2024-10-08,shallow,3,11:32:00,11:50:14,,100,yes,,1094,logs/2024-10-08 12-18-07.tlog,ok,95.64,92.81,88.23,104.19,1.0,1.0,1.0,1.0,ekf_velocity,96.6,0.976,0,96,16
HSIL/2024/2024_10_08_diver-ROV_Centennial_Park,2024-10-08,shallow,4,11:51:00,12:07:30,,100,yes,,990,logs/2024-10-08 12-18-07.tlog,ok,95.61,93.35,89.01,100.69,1.0,1.0,1.0,1.0,ekf_velocity,96.57,0.92,0,96,8
HSIL/2024/2024_10_09_diver-ROV_EBM,2024-10-09,deep,1,10:03:00,10:27:00,,100,yes,start logged to the minute,1440,logs/2024-10-09 12-32-45.tlog,ok,127.82,125.35,119.4,140.29,1.0,1.0,1.0,1.0,ekf_velocity,129.1,0.671,0,129,27
HSIL/2024/2024_10_09_diver-ROV_EBM,2024-10-09,deep,2,10:28:05,10:58:00,,100,no,ended at 40 m after an entanglement; logged end time inconsistent,1795,logs/2024-10-09 12-32-45.tlog,ok,307.91,300.58,297.54,316.65,1.0,1.0,1.0,1.0,ekf_velocity,311.51,0.179,0,310,138
HSIL/2024/2024_10_09_diver-ROV_EBM,2024-10-09,shallow,3,11:32:56,11:50:57,,100,yes,,1081,logs/2024-10-09 12-32-45.tlog,ok,99.1,97.02,92.77,109.33,1.0,1.0,1.0,1.0,ekf_velocity,100.09,0.708,0,100,67
HSIL/2024/2024_10_09_diver-ROV_EBM,2024-10-09,shallow,4,12:06:11,12:24:07,,100,yes,,1076,logs/2024-10-09 12-32-45.tlog,ok,113.33,111.02,106.98,117.1,1.0,1.0,1.0,1.0,ekf_velocity,114.47,0.776,0,114,62
HSIL/2024/2024_12_03_Shaw_Island,2024-12-03,deep,deep 1,11:06:37,11:27:50,,100,yes,,1273,logs/2024-12-03 11-52-48.tlog,ok,102.08,99.74,94.42,126.81,1.0,1.0,1.0,1.0,ekf_velocity,103.1,0.633,0,103,9
HSIL/2024/2024_12_03_Shaw_Island,2024-12-03,deep,deep 2,11:28:47,11:47:20,,100,yes,,1113,logs/2024-12-03 11-52-48.tlog,ok,100.88,98.05,94.2,112.14,1.0,1.0,1.0,1.0,ekf_velocity,101.89,0.881,0,101,14
HSIL/2024/2024_12_03_Shaw_Island,2024-12-03,shallow,shallow 1,12:21:43,12:40:18,,100,yes,,1115,logs/2024-12-03 13-06-02.tlog,ok,98.5,95.4,91.36,96.42,1.0,1.0,1.0,1.0,ekf_velocity,99.49,0.805,0,99,23
HSIL/2024/2024_12_03_Shaw_Island,2024-12-03,shallow,shallow 2,12:41:42,13:00:02,,100,yes,,1100,logs/2024-12-03 13-06-02.tlog,ok,100.88,97.79,94.04,277.58,1.0,1.0,1.0,1.0,ekf_velocity,101.88,0.86,0,101,13
HSIL/2024/2024_12_05_Satellite_Island,2024-12-05,deep,deep 1,10:23:13,10:46:35,,100,yes,,1402,logs/2024-12-05 11-13-04.tlog,ok,102.35,99.51,93.51,111.06,1.0,1.0,1.0,1.0,ekf_velocity,103.38,0.838,0,103,36
HSIL/2024/2024_12_05_Satellite_Island,2024-12-05,deep,deep 2,10:48:18,11:10:10,,100,yes,,1312,logs/2024-12-05 11-13-04.tlog,ok,97.79,95.04,89.55,101.49,1.0,1.0,1.0,1.0,ekf_velocity,98.77,0.868,0,98,40
HSIL/2024/2024_12_05_Satellite_Island,2024-12-05,shallow,shallow 1,11:56:10,12:12:08,,100,yes,,958,logs/2024-12-05 14-00-01.tlog,ok,58.62,56.67,52.91,73.67,1.0,1.0,1.0,1.0,ekf_velocity,59.2,0.772,0,59,5
HSIL/2024/2024_12_05_Satellite_Island,2024-12-05,shallow,shallow 2,12:21:58,12:44:46,,100,yes,,1368,logs/2024-12-05 14-00-01.tlog,ok,101.69,97.93,93.56,119.53,1.0,1.0,1.0,1.0,ekf_velocity,102.63,0.789,0,102,11
HSIL/2025/2025_01_27_Centennial,2025-01-27,deep,deep 1,10:02:14,10:22:22,,100,yes,,1208,logs/2025-01-27 11-02-25.tlog,ok,99.97,96.43,91.99,105.61,1.0,1.0,1.0,1.0,ekf_velocity,100.97,0.978,0,100,54
HSIL/2025/2025_01_27_Centennial,2025-01-27,deep,deep 2,10:25:26,10:46:15,,100,yes,,1249,logs/2025-01-27 11-02-25.tlog,ok,100.07,97.16,91.67,104.88,1.0,1.0,1.0,1.0,ekf_velocity,100.97,0.959,0,100,31
HSIL/2025/2025_01_27_Centennial,2025-01-27,shallow,shallow 3,11:23:48,11:43:36,11:28:30-11:29:30,100,yes,,1128,logs/2025-01-27 12-08-49.tlog,ok,100.22,96.45,92.97,127.63,1.0,1.0,1.0,1.0,ekf_velocity,101.23,1.115,0,101,30
HSIL/2025/2025_01_27_Centennial,2025-01-27,shallow,shallow 4,11:34:36,12:03:29,,100,no,logged start (11:34:36) falls inside shallow 3,1733,logs/2025-01-27 12-08-49.tlog,ok,149.53,145.12,137.74,213.06,1.0,1.0,1.0,1.0,ekf_velocity,151.03,0.355,0,151,40
HSIL/2025/2025_01_28_EBM,2025-01-28,deep,deep 1,10:06:47,10:27:15,,100,yes,,1228,logs/2025-01-28 11-13-56.tlog,ok,98.58,94.36,91.51,102.1,1.0,1.0,1.0,1.0,ekf_velocity,99.56,0.983,0,99,22
HSIL/2025/2025_01_28_EBM,2025-01-28,deep,deep 2,10:27:52,10:47:11,,100,yes,,1159,logs/2025-01-28 11-13-56.tlog,ok,96.06,92.92,89.64,101.21,1.0,1.0,1.0,1.0,ekf_velocity,97.03,0.999,0,96,26
HSIL/2025/2025_01_28_EBM,2025-01-28,shallow,shallow 3,11:20:36,11:41:58,,100,yes,,1282,logs/00128-2025-01-28_17-54-56.tlog,ok,96.95,94.39,89.45,110.91,1.0,1.0,1.0,1.0,ekf_velocity,97.92,0.964,0,97,24
HSIL/2025/2025_01_28_EBM,2025-01-28,shallow,shallow 4,11:42:52,12:05:40,,100,yes,,1368,logs/00128-2025-01-28_17-54-56.tlog,ok,98.99,96.35,90.91,106.47,1.0,1.0,1.0,1.0,ekf_velocity,99.98,0.973,0,99,29
HSIL/2025/2025_08_28_EBM,2025-08-28,,T1,09:44:14,10:00:35,,100,yes,0 to 100 m,981,logs/00061-2025-08-28_15-55-28.tlog,ok,97.32,94.85,91.7,98.16,1.0,1.0,1.0,1.0,ekf_velocity,98.29,0.965,0,98,23
HSIL/2025/2025_08_28_EBM,2025-08-28,,T2,10:01:24,10:19:05,,100,yes,100 to 0 m,1061,logs/00061-2025-08-28_15-55-28.tlog,ok,99.04,96.54,92.9,99.9,1.0,1.0,1.0,1.0,ekf_velocity,100.03,0.952,0,100,13
HSIL/2025/2025_08_28_EBM,2025-08-28,,T3,11:34:05,11:52:11,,100,yes,0 to 100 m,1086,logs/00065-2025-08-28_18-16-36.tlog,ok,97.74,95.75,91.31,99.57,1.0,1.0,1.0,1.0,ekf_velocity,98.72,0.924,0,98,70
HSIL/2025/2025_08_28_EBM,2025-08-28,,T4,11:55:25,12:28:04,,100,yes,100 to 0 m,1959,logs/00065-2025-08-28_18-16-36.tlog,ok,108.63,108.67,96.85,111.77,1.0,1.0,1.0,1.0,ekf_velocity,109.72,0.827,0,109,71
HSIL/2025/2025_08_29_CentennialPark,2025-08-29,deep,T1,09:35:43,09:49:45,,100,yes,,842,logs/00067-2025-08-28_19-42-36.tlog,ok,97.47,94.49,92.06,98.08,1.0,1.0,1.0,1.0,ekf_velocity,98.45,0.961,0,98,15
HSIL/2025/2025_08_29_CentennialPark,2025-08-29,deep,T2,09:54:36,10:09:13,,100,yes,,877,logs/00067-2025-08-28_19-42-36.tlog,ok,99.78,96.96,93.94,100.66,1.0,1.0,1.0,1.0,ekf_velocity,100.78,0.965,0,100,5
HSIL/2025/2025_08_29_CentennialPark,2025-08-29,shallow,T3,11:07:50,11:26:15,,100,yes,,1105,logs/00067-2025-08-28_19-42-36.tlog,ok,99.79,98.38,92.64,100.44,1.0,1.0,1.0,1.0,ekf_velocity,100.79,0.913,0,100,35
HSIL/2025/2025_08_29_CentennialPark,2025-08-29,shallow,T4,11:27:56,11:46:26,,100,yes,,1110,logs/00067-2025-08-28_19-42-36.tlog,ok,99.54,97.43,92.18,102.17,1.0,1.0,1.0,1.0,ekf_velocity,100.54,0.952,0,100,31
HSIL/2025/2025_09_26_Satellite_Island,2025-09-26,deep,T1_deep,10:50:25,11:16:07,11:06:46-11:14:00,100,yes,,1108,logs/Lutris_ardupilot_logs_pt1/00093-2025-09-26_17-29-52.tlog,ok,,,,,0.885,0.885,0.885,0.885,ekf_velocity,97.01,0.608,0,97,14
HSIL/2025/2025_09_26_Satellite_Island,2025-09-26,deep,T2_deep,11:18:16,11:39:41,11:33:40-11:36:40,100,yes,,1105,logs/Lutris_ardupilot_logs_pt1/00095-2025-09-26_18-11-16.tlog,ok,,,,,0.836,0.836,0.836,0.836,ekf_velocity,92.36,0.665,0,92,40
HSIL/2025/2025_09_26_Satellite_Island,2025-09-26,shallow,T3_shallow,12:39:36,12:56:00,12:50:11-12:53:20,100,no,split between two vehicles (finished by Nereo at 14:35-14:42),795,logs/Lutris_ardupilot_logs_pt2/logs/00101-2025-09-26_19-36-13.tlog,ok,,,,,0.799,0.799,0.799,0.799,ekf_velocity,64.85,0.736,0,64,14
HSIL/2025/2025_09_26_Satellite_Island,2025-09-26,shallow,T4_shallow,14:16:23,14:34:16,,100,yes,flown by Nereo,1073,logs/Nereo_ardupilot_logs/logs/00064-2025-09-26_20-58-55.tlog,ok,,94.76,90.96,,0.0,1.0,1.0,0.0,dvl,98.27,0.764,1,,
HSIL/2025/2025_09_27_Shaw_Island,2025-09-27,shallow,T1_shallow,12:04:25,12:18:40,,100,yes,,855,logs/00072-2025-09-27_18-37-32.tlog,ok,,92.8,89.89,,0.0,1.0,1.0,0.0,dvl,96.23,0.845,0,,
HSIL/2025/2025_09_27_Shaw_Island,2025-09-27,shallow,T2_shallow,12:21:21,12:36:53,,100,yes,,932,logs/00072-2025-09-27_18-37-32.tlog,ok,,94.31,91.05,,0.0,1.0,1.0,0.0,dvl,97.8,0.834,0,,
HSIL/2025/2025_09_27_Shaw_Island,2025-09-27,deep,T3_deep,13:00:19,13:14:20,,100,yes,,841,logs/00074-2025-09-27_19-47-35.tlog,ok,,94.08,83.26,,0.0,1.0,1.0,0.0,dvl,97.56,0.793,0,,
HSIL/2025/2025_09_27_Shaw_Island,2025-09-27,deep,T4_deep,13:16:05,13:30:49,,100,yes,,884,logs/00074-2025-09-27_19-47-35.tlog,ok,,95.96,93.56,,0.0,1.0,1.0,0.0,dvl,99.51,0.759,0,,
