time,date,flight_time,depth,heading,battery_remaining,lat,lon,satellite_count,temp,seq,avg_dist,avg_conf,EucDIS,clock,clock_min,lat_smooth,lon_smooth,EucSmooth,heading_degrees,radians,sim_x,sim_y,sim_steps,width,height,area
14:23:32,10/6/2022,0:41:49,-5.88264,282,80,47.6304512,-122.3984298,10,54.95,41.85,0.938444444,100,NA,1,0.016666667,47.63044878,-122.3984341,NA,282,4.921829033,47.6304512,-122.3984298,0,2.631301177,1.15015899,3.026414705
14:23:33,10/6/2022,0:41:50,-5.88264,283,80,47.6304512,-122.3984298,10,54.99,41.86666667,0.923222222,100,0,2,0.033333333,47.63044892,-122.3984337,0.030899577,283,4.939282328,47.63045165,-122.3984317,2.00E-06,2.58861964,1.131502611,2.929029881
14:23:34,10/6/2022,0:41:51,-5.82168,283,80,47.6304512,-122.3984298,10,54.99,41.88333333,0.902222222,100,0,3,0.05,47.63044907,-122.3984336,0.019309941,283,4.939282328,47.63045201,-122.3984333,1.59E-06,2.529737811,1.105764978,2.797295475
14:23:35,10/6/2022,0:41:52,-5.7912,282,80,47.6304512,-122.3984298,10,54.95,41.9,0.9026,100,0,4,0.066666667,47.63044922,-122.3984336,0.017837239,282,4.921829033,47.63045253,-122.3984357,2.49E-06,2.530797061,1.106227983,2.799638528
14:23:36,10/6/2022,0:41:53,-5.82168,278,80,47.6304512,-122.3984298,10,54.99,41.91666667,0.929555556,100,0,5,0.083333333,47.63044938,-122.3984339,0.026744234,278,4.852015856,47.63045253,-122.3984357,0,2.606377651,1.139264754,2.969354194
14:23:37,10/6/2022,0:41:54,-5.7912,279,80,47.6304512,-122.3984375,10,54.95,41.93333333,0.947888889,100,0.578489933,6,0.1,47.63044954,-122.3984344,0.038659969,279,4.86946915,47.63045291,-122.3984381,2.44E-06,2.657782422,1.161734116,3.087636514
14:23:38,10/6/2022,0:41:55,-5.7912,279,80,47.6304512,-122.3984375,10,54.99,41.95,0.959555556,100,0,7,0.116666667,47.63044971,-122.398435,0.050914124,279,4.86946915,47.63045303,-122.3984389,8.10E-07,2.690494549,1.176032801,3.164109842
14:23:39,10/6/2022,0:41:56,-5.7912,279,80,47.6304512,-122.3984375,10,54.99,41.96666667,0.977777778,100,0,8,0.133333333,47.63044988,-122.3984358,0.062845984,279,4.86946915,47.63045323,-122.3984402,1.26E-06,2.741587776,1.198365986,3.285425537
14:23:40,10/6/2022,0:41:57,-5.82168,279,80,47.6304512,-122.3984451,10,54.95,41.98333333,0.975666667,100,0.570977075,9,0.15,47.63045006,-122.3984367,0.074250887,279,4.86946915,47.63045351,-122.398442,1.80E-06,2.735668439,1.195778605,3.271253788
14:23:41,10/6/2022,0:41:58,-5.85216,279,80,47.6304473,-122.3984451,10,54.95,42,0.948666667,100,0.433451644,10,0.166666667,47.63045023,-122.3984378,0.08505468,279,4.86946915,47.63045372,-122.3984433,1.33E-06,2.659963231,1.162687362,3.092705632
14:23:42,10/6/2022,0:41:59,-5.85216,280,80,47.6304473,-122.3984527,10,54.95,42.01666667,0.913777778,100,0.570977119,11,0.183333333,47.63045042,-122.3984391,0.095230517,280,4.886922444,47.63045397,-122.3984447,1.42E-06,2.562138394,1.119927485,2.869409208
14:23:43,10/6/2022,0:42:00,-5.82168,282,80,47.6304512,-122.3984451,10,54.95,42.03333333,0.900444444,100,0.716864822,12,0.2,47.6304506,-122.3984405,0.104771699,282,4.921829033,47.6304542,-122.3984458,1.12E-06,2.524753106,1.10358613,2.786282511
14:23:44,10/6/2022,0:42:01,-5.7912,282,80,47.6304512,-122.3984527,10,54.95,42.05,0.9216,100,0.570977076,13,0.216666667,47.63045079,-122.3984419,0.113681452,282,4.921829033,47.63045469,-122.3984481,2.35E-06,2.584071096,1.129514413,2.918745547
14:23:45,10/6/2022,0:42:02,-5.7912,279,80,47.63044483,-122.3984451,10,54.95,42.06666667,0.946444444,100,0.91081252,14,0.233333333,47.63045098,-122.3984435,0.121968108,279,4.86946915,47.63045487,-122.3984492,1.14E-06,2.653732349,1.159963803,3.078233468
14:23:46,10/6/2022,0:42:03,-5.85216,279,80,47.63043847,-122.3984374,10,54.99,42.08333333,0.949444444,100,0.910812561,15,0.25,47.63045117,-122.3984452,0.129642999,279,4.86946915,47.63045512,-122.3984508,1.60E-06,2.662144039,1.163640608,3.097778908
14:23:47,10/6/2022,0:42:04,-5.85216,279,80,47.6304321,-122.3984298,10,54.95,42.1,0.928,100,0.910812605,16,0.266666667,47.63045136,-122.398447,0.136719207,279,4.86946915,47.63045557,-122.3984536,2.91E-06,2.602016035,1.137358263,2.959424437
14:23:48,10/6/2022,0:42:05,-5.82168,279,80,47.6304435,-122.3984451,10,54.99,42.11666667,0.910222222,100,1.710729592,17,0.283333333,47.63045155,-122.3984489,0.143211001,279,4.86946915,47.63045569,-122.3984544,7.63E-07,2.552168984,1.11556979,2.847122618
14:23:49,10/6/2022,0:42:06,-5.7912,279,80,47.6304512,-122.3984527,10,54.99,42.13333333,0.917888889,100,1.028780796,18,0.3,47.63045175,-122.3984509,0.149133336,279,4.86946915,47.63045569,-122.3984544,0,2.573665525,1.124966069,2.895286388
14:23:50,10/6/2022,0:42:07,-5.82168,279,80,47.6304512,-122.3984527,10,54.95,42.15,0.911555556,100,0,19,0.316666667,47.63045194,-122.3984529,0.154501692,279,4.86946915,47.63045576,-122.3984548,4.24E-07,2.555907513,1.117203926,2.855469907
14:23:51,10/6/2022,0:42:08,-5.82168,279,80,47.630455,-122.3984603,10,54.95,42.16666667,0.894444444,100,0.7101998,20,0.333333333,47.63045214,-122.398455,0.15933191,279,4.86946915,47.63045615,-122.3984573,2.51E-06,2.507929727,1.096232521,2.749274127
14:23:52,10/6/2022,0:42:09,-5.82168,280,80,47.6304588,-122.3984527,10,54.95,42.18333333,0.885444444,100,0.710199769,21,0.35,47.63045233,-122.3984572,0.163640055,280,4.886922444,47.63045633,-122.3984583,1.01E-06,2.482694657,1.085202107,2.694225473
14:23:53,10/6/2022,0:42:10,-5.82168,282,80,47.630455,-122.3984603,10,54.95,42.2,0.8876,100,0.710199769,22,0.366666667,47.63045253,-122.3984594,0.167442416,282,4.921829033,47.63045688,-122.3984609,2.65E-06,2.488738612,1.087843959,2.707359265
14:23:54,10/6/2022,0:42:11,-5.7912,286,80,47.630455,-122.3984603,10,54.95,42.21666667,0.898333333,100,0,23,0.383333333,47.63045272,-122.3984616,0.170755364,286,4.991642211,47.63045709,-122.3984616,7.66E-07,2.518833769,1.100998749,2.77323283
14:23:55,10/6/2022,0:42:12,-5.82168,284,80,47.630455,-122.398468,10,54.95,42.23333333,0.907444444,100,0.578489888,24,0.4,47.63045292,-122.3984639,0.173595404,284,4.956735622,47.63045736,-122.3984627,1.13E-06,2.544380382,1.112165341,2.829771677
14:23:56,10/6/2022,0:42:13,-5.85216,286,80,47.630455,-122.398468,10,54.95,42.25,0.905666667,100,0,25,0.416666667,47.63045311,-122.3984663,0.175979155,286,4.991642211,47.6304576,-122.3984635,8.58E-07,2.539395677,1.109986494,2.818694905
14:23:57,10/6/2022,0:42:14,-5.85216,286,80,47.630455,-122.398468,10,54.95,42.26666667,0.902888889,100,0,26,0.433333333,47.6304533,-122.3984686,0.177923215,286,4.991642211,47.63045782,-122.3984643,8.02E-07,2.531607076,1.106582045,2.801430936
14:23:58,10/6/2022,0:42:15,-5.7912,286,80,47.630455,-122.398468,10,54.95,42.28333333,0.897,100,0,27,0.45,47.63045349,-122.398471,0.1794443,286,4.991642211,47.63045782,-122.3984643,0,2.51509524,1.099364614,2.765006708
14:23:59,10/6/2022,0:42:16,-5.73024,285,80,47.630455,-122.3984756,10,54.95,42.3,0.899888889,100,0.570977034,28,0.466666667,47.63045368,-122.3984734,0.180559142,285,4.974188917,47.63045828,-122.3984661,1.80E-06,2.523195386,1.102905241,2.782845415
14:24:00,10/6/2022,0:42:17,-5.73024,286,80,47.6304588,-122.3984756,10,54.95,42.31666667,0.906,100,0.422337498,29,0.483333333,47.63045387,-122.3984758,0.181284476,286,4.991642211,47.63045879,-122.3984678,1.83E-06,2.54033031,1.110395028,2.820770146
14:24:01,10/6/2022,0:42:18,-5.69976,287,80,47.630455,-122.3984756,10,54.95,42.33333333,0.925666667,100,0.422337498,30,0.5,47.63045405,-122.3984782,0.181637121,287,5.009095506,47.63045911,-122.3984689,1.11E-06,2.595473609,1.134498526,2.944560983
14:24:02,10/6/2022,0:42:19,-5.66928,286,80,47.630455,-122.3984832,10,54.95,42.35,0.9579,100,0.570977032,31,0.516666667,47.63045424,-122.3984806,0.181633845,286,4.991642211,47.63045951,-122.3984703,1.43E-06,2.685852543,1.17400375,3.153200957
14:24:03,10/6/2022,0:42:20,-5.69976,285,80,47.6304512,-122.3984832,10,54.95,42.36666667,0.989,100,0.422337496,32,0.533333333,47.63045442,-122.398483,0.181291522,285,4.974188917,47.63045974,-122.3984711,9.04E-07,2.773053726,1.212119959,3.361273769
14:24:04,10/6/2022,0:42:21,-5.69976,285,80,47.6304588,-122.3984756,10,54.95,42.38333333,1.002555556,100,1.019554126,33,0.55,47.63045459,-122.3984854,0.180626939,285,4.974188917,47.6304602,-122.3984728,1.75E-06,2.811062102,1.228733669,3.454046651
14:24:05,10/6/2022,0:42:22,-5.69976,285,80,47.6304626,-122.3984756,10,54.95,42.4,1.003555556,100,0.422337499,34,0.566666667,47.63045477,-122.3984877,0.179656983,285,4.974188917,47.63046032,-122.3984733,4.72E-07,2.813865999,1.229959271,3.460940572
14:24:06,10/6/2022,0:42:23,-5.66928,288,80,47.6304626,-122.3984756,10,54.95,42.41666667,1.016111111,100,0,35,0.583333333,47.63045494,-122.3984901,0.178398482,288,5.0265488,47.63046077,-122.3984747,1.47E-06,2.849070478,1.245347379,3.548082454
14:24:07,10/6/2022,0:42:24,-5.66928,286,80,47.6304626,-122.3984832,10,54.95,42.43333333,1.030666667,100,0.570976949,36,0.6,47.63045511,-122.3984924,0.176868332,286,4.991642211,47.63046127,-122.3984764,1.81E-06,2.889882751,1.263186691,3.65046143
14:24:08,10/6/2022,0:42:25,-5.6388,285,80,47.6304626,-122.3984909,10,54.95,42.45,1.032222222,100,0.578489805,37,0.616666667,47.63045527,-122.3984948,0.175083386,285,4.974188917,47.63046142,-122.398477,5.66E-07,2.894244368,1.265093183,3.661488819
14:24:09,10/6/2022,0:42:26,-5.66928,285,80,47.6304588,-122.3984985,10,54.95,42.46666667,1.026333333,100,0.710199733,38,0.633333333,47.63045543,-122.3984971,0.173060549,285,4.974188917,47.6304619,-122.3984788,1.86E-06,2.877732532,1.257875751,3.619829971
14:24:10,10/6/2022,0:42:27,-5.69976,285,80,47.630455,-122.3985061,10,54.95,42.48333333,1.001777778,100,0.710199767,39,0.65,47.63045559,-122.3984993,0.170816685,285,4.974188917,47.63046275,-122.3984819,3.28E-06,2.808881294,1.227780424,3.448689465
14:24:11,10/6/2022,0:42:28,-5.73024,286,80,47.630455,-122.3985061,10,54.95,42.5,0.967,100,0,40,0.666666667,47.63045574,-122.3985015,0.168368697,286,4.991642211,47.63046328,-122.3984838,1.92E-06,2.711368002,1.185156724,3.213396019
14:24:12,10/6/2022,0:42:29,-5.69976,286,80,47.630455,-122.3985061,10,54.95,42.51666667,0.9451,100,0,41,0.683333333,47.63045589,-122.3985037,0.165733504,286,4.991642211,47.63046369,-122.3984852,1.50E-06,2.649962666,1.15831605,3.069494287
14:24:13,10/6/2022,0:42:30,-5.66928,286,80,47.6304588,-122.3985061,10,54.95,42.53333333,0.960444444,100,0.422337497,42,0.7,47.63045604,-122.3985059,0.162928001,286,4.991642211,47.63046415,-122.3984868,1.66E-06,2.692986902,1.177122225,3.169974734
14:24:14,10/6/2022,0:42:31,-5.66928,286,80,47.630455,-122.3985061,10,54.95,42.55,0.985,100,0.422337497,43,0.716666667,47.63045618,-122.398508,0.159969062,286,4.991642211,47.6304647,-122.3984887,1.98E-06,2.76183814,1.207217553,3.33413948
14:24:15,10/6/2022,0:42:32,-5.66928,286,80,47.6304588,-122.3985137,10,54.95,42.56666667,1.000777778,100,0.710199765,44,0.733333333,47.63045632,-122.3985101,0.156873661,286,4.991642211,47.63046511,-122.3984902,1.50E-06,2.806077397,1.226554822,3.441807763
14:24:16,10/6/2022,0:42:33,-5.69976,286,80,47.6304588,-122.3985137,10,54.95,42.58333333,0.998222222,100,0,45,0.75,47.63045645,-122.3985121,0.153658691,286,4.991642211,47.63046539,-122.3984911,1.02E-06,2.798911884,1.223422729,3.424252415
14:24:17,10/6/2022,0:42:34,-5.66928,286,80,47.630455,-122.3985137,10,54.95,42.6,0.966111111,100,0.422337498,46,0.766666667,47.63045658,-122.3985141,0.150341068,286,4.991642211,47.63046588,-122.3984928,1.76E-06,2.708875649,1.184067301,3.207491077
14:24:18,10/6/2022,0:42:35,-5.66928,286,80,47.630455,-122.3985137,10,54.95,42.61666667,0.949666667,100,0,47,0.783333333,47.6304567,-122.3985161,0.146937741,286,4.991642211,47.6304664,-122.3984947,1.91E-06,2.662767127,1.163912964,3.099229179
14:24:19,10/6/2022,0:42:36,-5.69976,285,80,47.630455,-122.3985214,10,54.95,42.63333333,0.962555556,100,0.578489887,48,0.8,47.63045682,-122.398518,0.143465643,285,4.974188917,47.63046695,-122.3984967,2.13E-06,2.698906239,1.179709606,3.183925616
14:24:20,10/6/2022,0:42:37,-5.66928,285,80,47.630455,-122.398529,10,54.95,42.65,0.970444444,100,0.570977029,49,0.816666667,47.63045691,-122.3985197,0.132427916,285,4.974188917,47.63046729,-122.398498,1.30E-06,2.721025868,1.189378241,3.23632896
14:24:21,10/6/2022,0:42:38,-5.66928,285,80,47.6304512,-122.398529,10,54.95,42.66666667,0.9792,100,0.422337494,50,0.833333333,47.63045697,-122.3985217,0.150061208,285,4.974188917,47.63046754,-122.3984989,9.77E-07,2.74557554,1.200109063,3.29499009
14:24:22,10/6/2022,0:42:39,-5.66928,285,80,47.6304512,-122.398529,10,54.95,42.68333333,0.994111111,100,0,51,0.85,47.63045701,-122.3985236,0.14316656,285,4.974188917,47.6304679,-122.3985002,1.36E-06,2.787384753,1.218384145,3.396105389
14:24:23,10/6/2022,0:42:40,-5.69976,285,80,47.630455,-122.398529,10,54.95,42.7,0.991555556,100,0.422337494,52,0.866666667,47.63045702,-122.3985255,0.137962099,285,4.974188917,47.63046832,-122.3985018,1.62E-06,2.78021924,1.215252052,3.378667136
14:24:24,10/6/2022,0:42:41,-5.69976,286,80,47.630455,-122.398529,10,54.95,42.71666667,0.966555556,100,0,53,0.883333333,47.63045701,-122.3985273,0.13446297,286,4.991642211,47.63046866,-122.398503,1.25E-06,2.710121825,1.184612012,3.210442869
14:24:25,10/6/2022,0:42:42,-5.69976,287,80,47.630455,-122.398529,10,54.95,42.73333333,0.939444444,100,0,54,0.9,47.63045697,-122.398529,0.129187194,287,5.009095506,47.63046912,-122.3985045,1.57E-06,2.634105073,1.151384592,3.032867995
14:24:26,10/6/2022,0:42:43,-5.66928,287,80,47.6304588,-122.398529,10,54.95,42.75,0.946444444,100,0.422337496,55,0.916666667,47.63045684,-122.3985306,0.123066632,287,5.009095506,47.63046963,-122.3985062,1.74E-06,2.653732349,1.159963803,3.078233468
14:24:27,10/6/2022,0:42:44,-5.66928,287,80,47.630455,-122.3985366,10,54.95,42.76666667,0.973444444,100,0.710199764,56,0.933333333,47.63045671,-122.3985322,0.117963236,287,5.009095506,47.63047019,-122.398508,1.92E-06,2.729437557,1.193055046,3.256369249
14:24:28,10/6/2022,0:42:45,-5.69976,287,80,47.6304512,-122.3985366,10,54.95,42.78333333,0.996777778,100,0.422337494,57,0.95,47.63045657,-122.3985335,0.101644868,287,5.009095506,47.63047075,-122.3985098,1.90E-06,2.794861811,1.221652416,3.414349683
14:24:29,10/6/2022,0:42:46,-5.69976,284,80,47.6304512,-122.3985366,10,54.95,42.8,0.983333333,100,0,58,0.966666667,47.63045664,-122.3985348,0.095147034,284,4.956735622,47.63047111,-122.3985113,1.50E-06,2.757164979,1.205174883,3.322865982
14:24:30,10/6/2022,0:42:47,-5.69976,285,80,47.630455,-122.3985366,10,54.95,42.81666667,0.967,100,0.422337494,59,0.983333333,47.63045668,-122.3985358,0.077638357,285,4.974188917,47.63047119,-122.3985116,3.00E-07,2.711368002,1.185156724,3.213396019
14:24:31,10/6/2022,0:42:48,-5.66928,285,80,47.630455,-122.3985366,10,54.95,42.83333333,0.9632,100,0,60,1,47.63045662,-122.3985369,0.084112072,285,4.974188917,47.63047119,-122.3985116,0,2.700713194,1.180499438,3.188190409
14:24:32,10/6/2022,0:42:49,-5.66928,285,80,47.630455,-122.3985366,10,54.95,42.85,0.962222222,100,0,61,1.016666667,47.63045645,-122.3985379,0.08055508,285,4.974188917,47.63047119,-122.3985116,0,2.697971607,1.179301072,3.181720809
14:24:33,10/6/2022,0:42:50,-5.69976,285,80,47.630455,-122.3985443,10,54.95,42.86666667,0.961777778,100,0.578489886,62,1.033333333,47.63045641,-122.3985391,0.084121051,285,4.974188917,47.63047167,-122.3985134,1.86E-06,2.69672543,1.17875636,3.178782254
14:24:34,10/6/2022,0:42:51,-5.69976,285,80,47.630455,-122.3985443,10,54.95,42.88333333,0.950333333,100,0,63,1.05,47.63045687,-122.3985401,0.091032722,285,4.974188917,47.63047211,-122.398515,1.72E-06,2.664636392,1.164730031,3.103582028
14:24:35,10/6/2022,0:42:52,-5.69976,285,80,47.630455,-122.3985443,10,54.95,42.9,0.932,100,0,64,1.066666667,47.63045758,-122.3985414,0.125405686,285,4.974188917,47.63047263,-122.398517,1.98E-06,2.613231621,1.142260669,2.9849917
14:24:36,10/6/2022,0:42:53,-5.66928,283,80,47.630455,-122.3985443,10,54.95,42.91666667,0.930333333,100,0,65,1.083333333,47.6304581,-122.3985425,0.102769127,283,4.939282328,47.63047278,-122.3985176,6.80E-07,2.60855846,1.140218,2.97432531
14:24:37,10/6/2022,0:42:54,-5.6388,280,80,47.6304588,-122.3985443,10,54.95,42.93333333,0.943222222,100,0.422337495,66,1.1,47.63045831,-122.3985437,0.093708081,280,4.886922444,47.63047278,-122.3985176,0,2.644697572,1.156014642,3.057309117
14:24:38,10/6/2022,0:42:55,-5.69976,278,80,47.630455,-122.3985443,10,54.95,42.95,0.965777778,100,0.422337495,67,1.116666667,47.6304584,-122.3985451,0.104070732,278,4.852015856,47.63047305,-122.3985195,1.95E-06,2.707941017,1.183658767,3.205278124
14:24:39,10/6/2022,0:42:56,-5.73024,275,80,47.6304588,-122.3985443,10,54.95,42.96666667,0.967,100,0.422337495,68,1.133333333,47.63045823,-122.3985464,0.103753493,275,4.799655972,47.63047331,-122.3985225,3.00E-06,2.711368002,1.185156724,3.213396019
14:24:40,10/6/2022,0:42:57,-5.73024,275,80,47.6304588,-122.3985443,10,54.95,42.98333333,0.9356,100,0,69,1.15,47.63045805,-122.3985479,0.113750421,275,4.799655972,47.63047345,-122.3985241,1.56E-06,2.623325649,1.146672835,3.008096258
14:24:41,10/6/2022,0:42:58,-5.66928,275,80,47.6304626,-122.3985443,10,54.95,43,0.914111111,100,0.422337496,70,1.166666667,47.63045771,-122.3985494,0.116728198,275,4.799655972,47.63047357,-122.3985254,1.35E-06,2.563073026,1.120336019,2.87150303
14:24:42,10/6/2022,0:42:59,-5.66928,275,80,47.6304626,-122.3985443,10,54.95,43.01666667,0.924666667,100,0,71,1.183333333,47.63045743,-122.3985509,0.112851315,275,4.799655972,47.63047372,-122.3985271,1.71E-06,2.592669713,1.133272924,2.938202387
14:24:43,10/6/2022,0:43:00,-5.66928,275,80,47.6304626,-122.3985443,10,54.95,43.03333333,0.944555556,100,0,72,1.2,47.63045721,-122.3985521,0.098490989,275,4.799655972,47.63047377,-122.3985278,6.58E-07,2.6484361,1.157648778,3.065958815
14:24:44,10/6/2022,0:43:01,-5.69976,275,80,47.6304626,-122.3985443,10,54.95,43.05,0.951888889,100,0,73,1.216666667,47.63045697,-122.3985535,0.10666495,275,4.799655972,47.63047391,-122.3985294,1.63E-06,2.668998009,1.166636523,3.113750556
14:24:45,10/6/2022,0:43:02,-5.69976,275,80,47.6304626,-122.3985443,10,54.95,43.06666667,0.935555556,100,0,74,1.233333333,47.63045667,-122.3985548,0.105817284,275,4.799655972,47.63047409,-122.3985315,2.04E-06,2.623201031,1.146618364,3.007810474
14:24:46,10/6/2022,0:43:03,-5.69976,275,80,47.6304664,-122.3985443,10,54.95,43.08333333,0.924,100,0.422337495,75,1.25,47.63045648,-122.3985562,0.102184683,275,4.799655972,47.63047421,-122.3985328,1.30E-06,2.590800448,1.132455856,2.933967141
14:24:47,10/6/2022,0:43:04,-5.66928,275,80,47.6304702,-122.3985443,10,54.95,43.1,0.926444444,100,0.422337497,76,1.266666667,47.63045634,-122.3985575,0.099841475,275,4.799655972,47.63047432,-122.398534,1.26E-06,2.597654418,1.135451771,2.94951131
14:24:48,10/6/2022,0:43:05,-5.66928,275,80,47.6304626,-122.3985595,10,54.95,43.11666667,0.933666667,100,1.420399362,77,1.283333333,47.63045628,-122.3985586,0.086304433,275,4.799655972,47.63047441,-122.3985351,1.08E-06,2.617904782,1.144303338,2.995677181
14:24:49,10/6/2022,0:43:06,-5.66928,275,80,47.630455,-122.3985671,10,54.95,43.13333333,0.936555556,100,1.019554098,78,1.3,47.63045631,-122.3985599,0.098419157,275,4.799655972,47.63047463,-122.3985376,2.56E-06,2.626004928,1.147843965,3.014243909
14:24:50,10/6/2022,0:43:07,-5.69976,276,80,47.630455,-122.3985671,10,54.95,43.15,0.9339,100,0,79,1.316666667,47.63045638,-122.3985612,0.09689268,276,4.817109267,47.63047485,-122.3985397,2.06E-06,2.618559024,1.144589312,2.997174672
14:24:51,10/6/2022,0:43:08,-5.69976,276,80,47.630455,-122.3985671,10,54.95,43.16666667,0.923444444,100,0,80,1.333333333,47.6304569,-122.3985622,0.094298632,276,4.817109267,47.63047501,-122.3985412,1.53E-06,2.589242728,1.131774967,2.930440102
14:24:52,10/6/2022,0:43:09,-5.69976,276,80,47.630455,-122.3985671,10,54.95,43.18333333,0.917777778,100,0,81,1.35,47.63045737,-122.3985634,0.105754622,276,4.817109267,47.63047518,-122.3985428,1.62E-06,2.573353981,1.124829891,2.894585478
14:24:53,10/6/2022,0:43:10,-5.66928,276,80,47.6304588,-122.3985671,10,54.95,43.2,0.930666667,100,0.422337495,82,1.366666667,47.63045773,-122.3985649,0.119363144,276,4.817109267,47.63047518,-122.3985428,0,2.609493092,1.140626534,2.97645706
14:24:54,10/6/2022,0:43:11,-5.66928,276,80,47.6304588,-122.3985671,10,54.95,43.21666667,0.942444444,100,0,83,1.383333333,47.63045798,-122.3985667,0.134742337,276,4.817109267,47.63047526,-122.3985436,7.94E-07,2.642516763,1.155061397,3.052269103
14:24:55,10/6/2022,0:43:12,-5.69976,276,80,47.6304626,-122.3985671,10,54.95,43.23333333,0.936222222,100,0.422337495,84,1.4,47.63045827,-122.3985683,0.122098941,276,4.817109267,47.63047553,-122.3985461,2.55E-06,2.625070295,1.147435431,3.012098667
14:24:56,10/6/2022,0:43:13,-5.73024,276,80,47.6304588,-122.3985671,10,54.95,43.25,0.924,100,0.422337495,85,1.416666667,47.6304585,-122.3985699,0.12810799,276,4.817109267,47.63047575,-122.3985482,2.12E-06,2.590800448,1.132455856,2.933967141
14:24:57,10/6/2022,0:43:14,-5.66928,276,80,47.6304626,-122.3985671,10,54.95,43.26666667,0.910333333,100,0.422337495,86,1.433333333,47.63045877,-122.3985715,0.122269827,276,4.817109267,47.63047578,-122.3985485,2.83E-07,2.552480528,1.115705968,2.847817759
14:24:58,10/6/2022,0:43:15,-5.66928,276,80,47.6304512,-122.3985824,10,54.95,43.28333333,0.914555556,100,1.710729294,87,1.45,47.63045916,-122.3985728,0.109058177,276,4.817109267,47.63047605,-122.3985511,2.58E-06,2.564319203,1.12088073,2.874295981
14:24:59,10/6/2022,0:43:16,-5.66928,276,80,47.6304512,-122.3985748,10,54.95,43.3,0.927222222,100,0.570977068,88,1.466666667,47.63045958,-122.3985742,0.115655511,276,4.817109267,47.63047623,-122.3985529,1.78E-06,2.599835226,1.136405017,2.954465795
14:25:00,10/6/2022,0:43:17,-5.69976,276,80,47.630455,-122.3985748,10,54.95,43.31666667,0.9245,100,0.422337492,89,1.483333333,47.63045995,-122.3985757,0.11969549,276,4.817109267,47.63047634,-122.3985539,1.02E-06,2.592202396,1.133068657,2.937143289
14:25:01,10/6/2022,0:43:18,-5.69976,276,80,47.630455,-122.3985824,10,54.95,43.33333333,0.903,100,0.570977027,90,1.5,47.6304602,-122.3985775,0.132343395,276,4.817109267,47.63047648,-122.3985552,1.30E-06,2.53191862,1.106718223,2.802120477
14:25:02,10/6/2022,0:43:19,-5.69976,276,80,47.630455,-122.3985824,10,54.95,43.35,0.890666667,100,0,91,1.516666667,47.63046041,-122.3985791,0.12711277,276,4.817109267,47.63047661,-122.3985565,1.32E-06,2.497337229,1.091602471,2.726099489
14:25:03,10/6/2022,0:43:20,-5.6388,274,80,47.630455,-122.3985824,10,54.95,43.36666667,0.909,100,0,92,1.533333333,47.63046052,-122.3985807,0.12222616,274,4.782202678,47.63047676,-122.3985585,2.03E-06,2.548741999,1.114071833,2.839481671
14:25:04,10/6/2022,0:43:21,-5.6388,275,80,47.6304588,-122.3985824,10,54.95,43.38333333,0.940444444,100,0.422337494,93,1.55,47.63046059,-122.3985826,0.138692599,275,4.799655972,47.63047687,-122.3985598,1.27E-06,2.63690897,1.152610194,3.039328158
14:25:05,10/6/2022,0:43:22,-5.69976,274,80,47.6304588,-122.3985824,10,54.95,43.4,0.951111111,100,0,94,1.566666667,47.63046058,-122.3985845,0.143086706,274,4.782202678,47.63047696,-122.3985611,1.29E-06,2.6668172,1.165683277,3.108664213
14:25:06,10/6/2022,0:43:23,-5.73024,274,80,47.6304588,-122.39859,10,54.95,43.41666667,0.929111111,100,0.570976985,95,1.583333333,47.63046061,-122.3985865,0.148779633,274,4.782202678,47.6304771,-122.3985631,2.00E-06,2.605131475,1.138720042,2.966515424
14:25:07,10/6/2022,0:43:24,-5.69976,273,80,47.6304588,-122.3985824,10,54.95,43.43333333,0.901666667,100,0.570976985,96,1.6,47.63046072,-122.3985884,0.142817011,273,4.764749383,47.63047717,-122.3985644,1.34E-06,2.528180091,1.105084088,2.79385159
14:25:08,10/6/2022,0:43:25,-5.66928,273,80,47.6304588,-122.3985977,10,54.95,43.45,0.8894,100,1.149466827,97,1.616666667,47.63046083,-122.3985901,0.133887047,273,4.764749383,47.63047725,-122.3985661,1.67E-06,2.493785626,1.090050042,2.718351126
14:25:09,10/6/2022,0:43:26,-5.6388,273,80,47.6304588,-122.3985977,10,54.95,43.46666667,0.903666667,100,0,98,1.633333333,47.63046103,-122.3985919,0.136209506,273,4.764749383,47.63047738,-122.3985686,2.52E-06,2.533787884,1.107535291,2.806259502
14:25:10,10/6/2022,0:43:27,-5.69976,273,80,47.6304588,-122.3985977,10,54.95,43.48333333,0.902888889,100,0,99,1.65,47.63046126,-122.3985937,0.138077328,273,4.764749383,47.63047752,-122.3985711,2.54E-06,2.531607076,1.106582045,2.801430936
14:25:11,10/6/2022,0:43:28,-5.73024,273,80,47.6304588,-122.3985977,10,54.95,43.5,0.886777778,100,0,100,1.666666667,47.63046163,-122.3985954,0.133941808,273,4.764749383,47.63047756,-122.3985719,7.43E-07,2.486433186,1.086836242,2.702345701
14:25:12,10/6/2022,0:43:29,-5.69976,274,80,47.6304588,-122.3986053,10,54.95,43.51666667,0.872444444,100,0.570976985,101,1.683333333,47.63046194,-122.3985973,0.146711568,274,4.782202678,47.63047764,-122.3985731,1.26E-06,2.446244002,1.069269286,2.615693578
14:25:13,10/6/2022,0:43:30,-5.66928,273,80,47.630455,-122.3986053,10,54.95,43.53333333,0.883444444,100,0.422337493,102,1.7,47.63046221,-122.3985993,0.147640292,273,4.764749383,47.63047764,-122.3985731,0,2.477086864,1.082750904,2.682068041
14:25:14,10/6/2022,0:43:31,-5.6388,273,80,47.630455,-122.3986053,10,54.95,43.55,0.908777778,100,0,103,1.716666667,47.63046236,-122.3986012,0.147957131,273,4.764749383,47.63047769,-122.398574,8.58E-07,2.548118911,1.113799477,2.83809351
14:25:15,10/6/2022,0:43:32,-5.66928,273,80,47.630455,-122.3986053,10,54.95,43.56666667,0.924222222,100,0,104,1.733333333,47.63046254,-122.398603,0.138403018,273,4.764749383,47.63047775,-122.3985752,1.23E-06,2.591423536,1.132728212,2.93537855
14:25:16,10/6/2022,0:43:33,-5.69976,274,80,47.6304626,-122.3986053,10,54.95,43.58333333,0.916777778,100,0.844674987,105,1.75,47.63046277,-122.3986049,0.139272365,274,4.782202678,47.6304778,-122.3985758,6.46E-07,2.570550084,1.12360429,2.888281101
14:25:17,10/6/2022,0:43:34,-5.69976,274,80,47.6304626,-122.3986053,10,54.95,43.6,0.890222222,100,0,106,1.766666667,47.63046301,-122.3986068,0.148823694,274,4.782202678,47.63047796,-122.3985781,2.30E-06,2.496091052,1.091057759,2.723379509
14:25:18,10/6/2022,0:43:35,-5.66928,273,80,47.6304626,-122.3986053,10,54.95,43.61666667,0.8851,100,0,107,1.783333333,47.63046318,-122.3986087,0.144740212,273,4.764749383,47.63047807,-122.3985802,2.11E-06,2.481728871,1.084779955,2.692129733
14:25:19,10/6/2022,0:43:36,-5.66928,273,80,47.6304588,-122.3986129,10,54.95,43.63333333,0.901777778,100,0.710199728,108,1.8,47.63046334,-122.3986106,0.142446204,273,4.764749383,47.63047821,-122.3985828,2.60E-06,2.528491635,1.105220266,2.794540197
14:25:20,10/6/2022,0:43:37,-5.66928,273,80,47.6304588,-122.3986129,10,54.95,43.65,0.901777778,100,0,109,1.816666667,47.63046351,-122.3986125,0.140848907,273,4.764749383,47.63047828,-122.3985843,1.50E-06,2.528491635,1.105220266,2.794540197
14:25:21,10/6/2022,0:43:38,-5.69976,274,80,47.6304779,-122.3985977,10,54.95,43.66666667,0.892666667,100,2.410465742,110,1.833333333,47.63046368,-122.3986141,0.126904408,274,4.782202678,47.63047834,-122.3985852,8.52E-07,2.502945022,1.094053674,2.738356196
14:25:22,10/6/2022,0:43:39,-5.6388,274,80,47.6304855,-122.3985977,10,54.95,43.68333333,0.894111111,100,0.844674992,111,1.85,47.6304638,-122.3986159,0.131775258,274,4.782202678,47.63047844,-122.3985865,1.35E-06,2.506995095,1.095823987,2.74722536
14:25:23,10/6/2022,0:43:40,-5.60832,274,80,47.6304893,-122.3985977,10,54.95,43.7,0.902888889,100,0.422337495,112,1.866666667,47.63046396,-122.3986175,0.125654412,274,4.782202678,47.63047856,-122.3985882,1.70E-06,2.531607076,1.106582045,2.801430936
14:25:24,10/6/2022,0:43:41,-5.60832,269,80,47.6304855,-122.3986053,10,54.99,43.71666667,0.924222222,100,0.710199494,113,1.883333333,47.63046415,-122.3986191,0.120517602,269,4.694936206,47.63047851,-122.3985908,2.55E-06,2.591423536,1.132728212,2.93537855
14:25:25,10/6/2022,0:43:42,-5.6388,270,80,47.6304817,-122.3986129,10,54.95,43.73333333,0.937666667,100,0.710199529,114,1.9,47.63046438,-122.3986207,0.125570192,270,4.7123895,47.63047851,-122.3985933,2.54E-06,2.629120368,1.149205745,3.021400231
14:25:26,10/6/2022,0:43:43,-5.6388,270,80,47.630474,-122.3986206,10,54.95,43.75,0.933888889,100,1.032969163,115,1.916666667,47.63046469,-122.3986223,0.120755284,270,4.7123895,47.63047851,-122.3985933,0,2.61852787,1.144575694,2.997103355
14:25:27,10/6/2022,0:43:44,-5.6388,268,80,47.6304779,-122.3986206,10,54.95,43.76666667,0.934555556,100,0.433451641,116,1.933333333,47.63046494,-122.3986237,0.113018509,268,4.677482911,47.63047851,-122.3985933,0,2.620397134,1.145392762,3.001383911
14:25:28,10/6/2022,0:43:45,-5.60832,269,80,47.6304664,-122.3986282,10,54.95,43.78333333,0.939444444,100,1.399865074,117,1.95,47.63046521,-122.3986251,0.108425171,269,4.694936206,47.63047847,-122.3985955,2.20E-06,2.634105073,1.151384592,3.032867995
14:25:29,10/6/2022,0:43:46,-5.60832,267,80,47.6304664,-122.3986282,10,54.95,43.8,0.9482,100,0,118,1.966666667,47.6304654,-122.3986265,0.102745019,267,4.660029617,47.63047835,-122.3985978,2.32E-06,2.658654746,1.162115415,3.089663662
14:25:30,10/6/2022,0:43:47,-5.60832,268,80,47.6304664,-122.3986282,10,54.95,43.81666667,0.956555556,100,0,119,1.983333333,47.63046557,-122.3986278,0.100022434,268,4.677482911,47.63047829,-122.3985995,1.65E-06,2.682082859,1.172355997,3.144355924
14:25:31,10/6/2022,0:43:48,-5.6388,267,80,47.6304626,-122.3986358,10,54.99,43.83333333,0.948888889,100,0.710199691,120,2,47.63046574,-122.3986291,0.098585944,267,4.660029617,47.63047826,-122.3986001,6.62E-07,2.660586319,1.162959718,3.094154715
14:25:32,10/6/2022,0:43:49,-5.6388,268,80,47.630455,-122.3986358,10,54.95,43.85,0.930888889,100,0.844674986,121,2.016666667,47.63046576,-122.3986306,0.116492231,268,4.677482911,47.63047826,-122.3986001,0,2.61011618,1.14089889,2.977878652
14:25:33,10/6/2022,0:43:50,-5.57784,267,80,47.630455,-122.3986358,10,54.95,43.86666667,0.930333333,100,0,122,2.033333333,47.63046581,-122.3986321,0.112286063,267,4.660029617,47.63047817,-122.3986019,1.78E-06,2.60855846,1.140218,2.97432531
14:25:34,10/6/2022,0:43:51,-5.51688,267,80,47.6304512,-122.3986434,10,54.95,43.88333333,0.942777778,100,0.71019979,123,2.05,47.63046578,-122.3986336,0.110116559,267,4.660029617,47.63047812,-122.3986027,8.26E-07,2.643451395,1.155469931,3.0544286
14:25:35,10/6/2022,0:43:52,-5.4864,267,80,47.630455,-122.3986358,10,54.95,43.9,0.965777778,100,0.71019979,124,2.066666667,47.63046566,-122.398635,0.111094381,267,4.660029617,47.6304779,-122.3986071,4.36E-06,2.707941017,1.183658767,3.205278124
14:25:36,10/6/2022,0:43:53,-5.45592,267,80,47.6304512,-122.3986434,10,54.95,43.91666667,1.008555556,100,0.71019979,125,2.083333333,47.63046567,-122.3986362,0.086644764,267,4.660029617,47.63047781,-122.3986087,1.61E-06,2.827885482,1.236087279,3.49551327
14:25:37,10/6/2022,0:43:54,-5.4864,267,80,47.6304473,-122.3986511,10,54.95,43.93333333,1.046555556,100,0.722863014,126,2.1,47.63046584,-122.3986371,0.073409664,267,4.660029617,47.63047762,-122.3986123,3.60E-06,2.934433552,1.282660139,3.763880947
14:25:38,10/6/2022,0:43:55,-5.4864,267,80,47.6304626,-122.3986358,10,54.95,43.95,1.057666667,100,2.052523415,127,2.116666667,47.63046604,-122.398638,0.069903212,267,4.660029617,47.63047752,-122.3986142,1.92E-06,2.965587959,1.296277934,3.844226232
14:25:39,10/6/2022,0:43:56,-5.51688,261,80,47.6304664,-122.3986358,10,54.95,43.96666667,1.0597,100,0.422337493,128,2.133333333,47.63046627,-122.3986388,0.06779908,261,4.55530985,47.6304772,-122.3986162,2.03E-06,2.971289215,1.29876999,3.859021266
14:25:40,10/6/2022,0:43:57,-5.4864,262,80,47.6304664,-122.3986434,10,54.95,43.98333333,1.060888889,100,0.5709769,129,2.15,47.63046654,-122.3986396,0.067040525,262,4.572763144,47.63047708,-122.3986171,8.86E-07,2.974622737,1.300227094,3.867685078
14:25:41,10/6/2022,0:43:58,-5.4864,262,80,47.6304626,-122.3986511,10,54.95,44,1.053555556,100,0.716253711,130,2.166666667,47.63046674,-122.3986404,0.063457918,262,4.572763144,47.63047683,-122.3986189,1.84E-06,2.954060828,1.29123935,3.814399583
14:25:42,10/6/2022,0:43:59,-5.4864,261,80,47.6304664,-122.3986434,10,54.95,44.01666667,1.029111111,100,0.716253711,131,2.183333333,47.63046695,-122.3986412,0.063757522,261,4.55530985,47.63047646,-122.3986212,2.31E-06,2.885521134,1.2612802,3.639450673
14:25:43,10/6/2022,0:44:00,-5.4864,256,80,47.6304664,-122.3986511,10,54.95,44.03333333,1.030222222,100,0.578489755,132,2.2,47.63046708,-122.398642,0.062282076,256,4.468043378,47.63047558,-122.3986247,3.66E-06,2.888636575,1.262641979,3.647313803
14:25:44,10/6/2022,0:44:01,-5.4864,257,80,47.6304664,-122.3986511,10,54.95,44.05,1.038222222,100,0,133,2.216666667,47.63046727,-122.3986429,0.066756424,257,4.485496672,47.63047534,-122.3986258,1.07E-06,2.911067747,1.272446792,3.704178817
14:25:45,10/6/2022,0:44:02,-5.4864,255,80,47.6304702,-122.3986434,10,54.95,44.06666667,1.041555556,100,0.716253676,134,2.233333333,47.63046736,-122.3986438,0.068366315,255,4.450590083,47.63047499,-122.3986271,1.35E-06,2.920414069,1.276532131,3.728002394
14:25:46,10/6/2022,0:44:03,-5.51688,256,80,47.630474,-122.3986434,10,54.95,44.08333333,1.047333333,100,0.422337493,135,2.25,47.63046768,-122.3986444,0.058881165,256,4.468043378,47.63047421,-122.3986302,3.22E-06,2.936614361,1.283613384,3.769477498
14:25:47,10/6/2022,0:44:04,-5.51688,255,80,47.630474,-122.3986434,10,54.95,44.1,1.043111111,100,0,136,2.266666667,47.63046804,-122.3986452,0.071463821,255,4.450590083,47.63047399,-122.3986311,8.58E-07,2.924775686,1.278438622,3.739146198
14:25:48,10/6/2022,0:44:05,-5.51688,248,80,47.630474,-122.3986511,10,54.95,44.11666667,1.038888889,100,0.578489671,137,2.283333333,47.63046835,-122.398646,0.072175115,248,4.328417022,47.6304736,-122.398632,1.04E-06,2.912937012,1.27326386,3.708937423
14:25:49,10/6/2022,0:44:06,-5.4864,249,80,47.6304702,-122.3986434,10,54.95,44.13333333,1.0398,100,0.716253644,138,2.3,47.63046867,-122.3986468,0.066460882,249,4.345870317,47.63047326,-122.3986329,9.42E-07,2.915491673,1.274380519,3.715445792
14:25:50,10/6/2022,0:44:07,-5.4864,251,80,47.6304702,-122.3986434,10,54.95,44.15,1.046666667,100,0,139,2.316666667,47.63046902,-122.3986476,0.069938077,251,4.380776906,47.63047326,-122.3986329,0,2.934745096,1.282796317,3.7646802
14:25:51,10/6/2022,0:44:08,-5.4864,251,80,47.6304702,-122.3986511,10,54.95,44.16666667,1.058666667,100,0.578489713,140,2.333333333,47.6304692,-122.3986489,0.102781426,251,4.380776906,47.63047308,-122.3986334,5.52E-07,2.968391856,1.297503535,3.851498927
14:25:52,10/6/2022,0:44:09,-5.54736,251,80,47.6304626,-122.3986511,10,54.95,44.18333333,1.062333333,100,0.844674985,141,2.35,47.6304693,-122.3986501,0.094335109,251,4.380776906,47.63047259,-122.3986348,1.50E-06,2.97867281,1.301997408,3.878224277
14:25:53,10/6/2022,0:44:10,-5.57784,251,80,47.6304626,-122.3986511,10,54.95,44.2,1.041777778,100,0,142,2.366666667,47.63046949,-122.3986513,0.090928159,251,4.380776906,47.63047118,-122.3986389,4.34E-06,2.921037158,1.276804487,3.729593348
14:25:54,10/6/2022,0:44:11,-5.57784,255,80,47.6304664,-122.3986511,10,54.95,44.21666667,1.010555556,100,0.422337494,143,2.383333333,47.63046973,-122.3986523,0.078103038,255,4.450590083,47.63047083,-122.3986402,1.34E-06,2.833493275,1.238538482,3.509390459
14:25:55,10/6/2022,0:44:12,-5.57784,257,80,47.6304664,-122.3986511,10,54.95,44.23333333,0.991444444,100,0,144,2.4,47.63047004,-122.3986534,0.089050242,257,4.485496672,47.63047074,-122.3986406,4.04E-07,2.779907696,1.215115874,3.377909969
14:25:56,10/6/2022,0:44:13,-5.54736,257,80,47.6304664,-122.3986511,10,54.99,44.25,0.987,100,0,145,2.416666667,47.6304704,-122.3986542,0.070208802,257,4.485496672,47.63047029,-122.3986426,2.01E-06,2.767445933,1.209668756,3.347692879
14:25:57,10/6/2022,0:44:14,-5.57784,259,80,47.6304664,-122.3986511,10,54.95,44.26666667,0.989,100,0,146,2.433333333,47.6304708,-122.3986549,0.070637698,259,4.520403261,47.6304699,-122.3986446,2.03E-06,2.773053726,1.212119959,3.361273769
14:25:58,10/6/2022,0:44:15,-5.57784,263,80,47.6304779,-122.3986434,10,54.95,44.28333333,0.987888889,100,1.402946181,147,2.45,47.63047143,-122.3986555,0.082907331,263,4.590216439,47.63046968,-122.3986464,1.80E-06,2.769938286,1.210758179,3.353725436
14:25:59,10/6/2022,0:44:16,-5.60832,266,80,47.6304779,-122.3986511,10,54.95,44.3,0.970777778,100,0.578489628,148,2.466666667,47.63047205,-122.3986561,0.082257828,266,4.642576322,47.63046957,-122.398648,1.60E-06,2.7219605,1.189786775,3.238552604
14:26:00,10/6/2022,0:44:17,-5.60832,268,80,47.6304779,-122.3986511,10,54.95,44.31666667,0.9592,100,0,149,2.483333333,47.63047264,-122.3986566,0.075601731,268,4.677482911,47.63046953,-122.398649,1.08E-06,2.689497608,1.175597032,3.161765406
14:26:01,10/6/2022,0:44:18,-5.57784,269,80,47.6304779,-122.3986511,10,54.99,44.33333333,0.964333333,100,0,150,2.5,47.6304733,-122.3986571,0.083215111,269,4.694936206,47.6304695,-122.3986509,1.83E-06,2.703890944,1.181888453,3.195697486
14:26:02,10/6/2022,0:44:19,-5.54736,269,80,47.6304779,-122.3986511,10,54.95,44.35,0.975333333,100,0,151,2.516666667,47.63047398,-122.3986576,0.085570298,269,4.694936206,47.63046948,-122.3986517,8.26E-07,2.734733806,1.195370071,3.269018944
14:26:03,10/6/2022,0:44:20,-5.57784,269,80,47.6304779,-122.3986511,10,54.95,44.36666667,0.979777778,100,0,152,2.533333333,47.63047467,-122.3986582,0.089071635,269,4.694936206,47.63046947,-122.3986524,6.90E-07,2.747195569,1.200817189,3.29887966
14:26:04,10/6/2022,0:44:21,-5.60832,269,80,47.6304779,-122.3986587,10,54.95,44.38333333,0.966444444,100,0.570976774,153,2.55,47.63047522,-122.3986589,0.077875284,269,4.694936206,47.63046946,-122.3986533,9.43E-07,2.709810281,1.184475834,3.209704794
14:26:05,10/6/2022,0:44:22,-5.60832,269,80,47.6304779,-122.3986587,10,54.95,44.4,0.947888889,100,0,154,2.566666667,47.63047576,-122.3986596,0.079890332,269,4.694936206,47.63046944,-122.3986545,1.14E-06,2.657782422,1.161734116,3.087636514
14:26:06,10/6/2022,0:44:23,-5.57784,269,80,47.6304779,-122.3986587,10,54.95,44.41666667,0.938444444,100,0,155,2.583333333,47.63047629,-122.3986604,0.083068591,269,4.694936206,47.63046941,-122.3986558,1.35E-06,2.631301177,1.15015899,3.026414705
14:26:07,10/6/2022,0:44:24,-5.54736,269,80,47.6304779,-122.3986587,10,54.95,44.43333333,0.948777778,100,0,156,2.6,47.6304769,-122.3986611,0.085623598,269,4.694936206,47.63046938,-122.3986578,1.93E-06,2.660274775,1.16282354,3.093430131
14:26:08,10/6/2022,0:44:25,-5.54736,269,80,47.6304779,-122.3986587,10,54.95,44.45,0.976,100,0,157,2.616666667,47.63047753,-122.3986618,0.090069572,269,4.694936206,47.63046937,-122.3986585,7.66E-07,2.736603071,1.196187138,3.273489396
14:26:09,10/6/2022,0:44:26,-5.57784,269,80,47.630474,-122.3986663,10,54.95,44.46666667,0.9912,100,0.716864579,158,2.633333333,47.63047776,-122.398663,0.090305832,269,4.694936206,47.63046935,-122.3986595,1.01E-06,2.779222299,1.214816282,3.376244501
14:26:10,10/6/2022,0:44:27,-5.60832,269,80,47.630474,-122.3986663,10,54.95,44.48333333,0.969333333,100,0,159,2.65,47.63047773,-122.3986643,0.09917376,269,4.694936206,47.63046932,-122.3986612,1.68E-06,2.717910427,1.188016461,3.228922327
14:26:11,10/6/2022,0:44:28,-5.60832,269,80,47.630474,-122.3986663,10,54.95,44.5,0.930111111,100,0,160,2.666666667,47.63047747,-122.3986658,0.116617647,269,4.694936206,47.63046928,-122.3986632,2.01E-06,2.607935372,1.139945644,2.972904567
14:26:12,10/6/2022,0:44:29,-5.57784,269,80,47.6304779,-122.398674,10,54.95,44.51666667,0.919111111,100,0.722862776,161,2.683333333,47.63047712,-122.3986673,0.12174492,269,4.694936206,47.63046926,-122.3986648,1.55E-06,2.577092509,1.126464027,2.903002005
14:26:13,10/6/2022,0:44:30,-5.54736,269,80,47.6304779,-122.398674,10,54.95,44.53333333,0.944444444,100,0,162,2.7,47.63047669,-122.3986689,0.125123449,269,4.694936206,47.63046923,-122.3986666,1.81E-06,2.648124556,1.1575126,3.06523754
14:26:14,10/6/2022,0:44:31,-5.54736,269,80,47.6304779,-122.398674,10,54.95,44.55,0.970888889,100,0,163,2.716666667,47.63047628,-122.3986704,0.12207603,269,4.694936206,47.6304692,-122.3986678,1.24E-06,2.722272044,1.189922953,3.239293988
14:26:15,10/6/2022,0:44:32,-5.57784,269,80,47.6304779,-122.398674,10,54.95,44.56666667,0.969333333,100,0,164,2.733333333,47.63047567,-122.398672,0.139167043,269,4.694936206,47.6304692,-122.3986678,0,2.717910427,1.188016461,3.228922327
14:26:16,10/6/2022,0:44:34,-5.57784,269,80,47.6304779,-122.398674,10,54.95,44.58333333,0.955888889,100,0,165,2.75,47.63047517,-122.3986735,0.129301447,269,4.694936206,47.63046918,-122.3986691,1.27E-06,2.680213595,1.171538929,3.139974564
14:26:17,10/6/2022,0:44:34,-5.57784,269,80,47.6304779,-122.398674,10,54.95,44.6,0.953888889,100,0,166,2.766666667,47.6304746,-122.3986752,0.13817886,269,4.694936206,47.63046914,-122.3986714,2.30E-06,2.674605802,1.169087726,3.126848814
14:26:18,10/6/2022,0:44:35,-5.54736,269,80,47.6304779,-122.398674,10,54.95,44.61666667,0.969666667,100,0,167,2.783333333,47.63047395,-122.3986769,0.147498446,269,4.694936206,47.63046911,-122.3986731,1.72E-06,2.718845059,1.188424995,3.231143426
14:26:19,10/6/2022,0:44:36,-5.54736,269,80,47.6304702,-122.3986892,10,54.95,44.63333333,0.980444444,100,1.427036484,168,2.8,47.63047324,-122.3986792,0.187765776,269,4.694936206,47.6304691,-122.3986736,5.16E-07,2.749064833,1.201634257,3.303370477
14:26:20,10/6/2022,0:44:37,-5.54736,269,80,47.6304702,-122.3986892,10,54.95,44.65,0.9867,100,0,169,2.816666667,47.63047261,-122.3986813,0.173356144,269,4.694936206,47.63046908,-122.3986752,1.54E-06,2.766604764,1.209301075,3.345658116
14:26:21,10/6/2022,0:44:38,-5.57784,269,80,47.6304702,-122.3986892,10,54.95,44.66666667,0.984666667,100,0,170,2.833333333,47.63047202,-122.3986832,0.162354045,269,4.694936206,47.63046905,-122.3986769,1.71E-06,2.760903508,1.206809019,3.331883253
14:26:22,10/6/2022,0:44:39,-5.57784,269,80,47.6304702,-122.3986892,10,54.95,44.68333333,0.962333333,100,0,171,2.85,47.63047155,-122.3986849,0.136942512,269,4.694936206,47.63046902,-122.3986783,1.42E-06,2.698283151,1.17943725,3.18245566
14:26:23,10/6/2022,0:44:40,-5.57784,270,80,47.6304702,-122.3986892,10,54.95,44.7,0.935777778,100,0,172,2.866666667,47.63047106,-122.3986866,0.139904284,270,4.7123895,47.63046902,-122.3986788,5.28E-07,2.623824119,1.146890719,3.009239532
14:26:24,10/6/2022,0:44:41,-5.57784,272,80,47.6304702,-122.3986892,10,54.95,44.71666667,0.930444444,100,0,173,2.883333333,47.63047072,-122.3986881,0.116819004,272,4.747296089,47.6304691,-122.3986809,2.14E-06,2.608870004,1.140354178,2.975035808
14:26:25,10/6/2022,0:44:42,-5.54736,271,80,47.6304702,-122.3986892,10,54.95,44.73333333,0.948222222,100,0,174,2.9,47.63047056,-122.3986893,0.091286829,271,4.729842794,47.63046912,-122.3986825,1.54E-06,2.658717054,1.16214265,3.089808484
14:26:26,10/6/2022,0:44:43,-5.54736,271,80,47.6304702,-122.3986892,10,54.95,44.75,0.963,100,0,175,2.916666667,47.63047016,-122.3986907,0.113873813,271,4.729842794,47.63046912,-122.3986825,0,2.700152415,1.180254318,3.186866547
14:26:27,10/6/2022,0:44:44,-5.57784,271,80,47.6304702,-122.3986892,10,54.95,44.76666667,0.969777778,100,0,176,2.933333333,47.63046972,-122.3986922,0.122774545,271,4.729842794,47.63046912,-122.3986825,0,2.719156603,1.188561173,3.231883962
14:26:28,10/6/2022,0:44:45,-5.57784,271,80,47.6304702,-122.3986892,10,54.95,44.78333333,0.969111111,100,0,177,2.95,47.63046903,-122.3986936,0.130013708,271,4.729842794,47.63046916,-122.3986849,2.45E-06,2.717287339,1.187744105,3.227442019
14:26:29,10/6/2022,0:44:46,-5.57784,271,80,47.6304702,-122.3986892,10,54.95,44.8,0.9738,100,0,178,2.966666667,47.63046859,-122.3986947,0.096234763,271,4.729842794,47.63046922,-122.3986879,3.01E-06,2.730434498,1.193490815,3.258748495
14:26:30,10/6/2022,0:44:47,-5.57784,271,80,47.6304702,-122.3986892,10,54.95,44.81666667,0.976555556,100,0,179,2.983333333,47.63046822,-122.3986958,0.094147049,271,4.729842794,47.63046922,-122.3986879,0,2.738160791,1.196868028,3.277217107
14:26:31,10/6/2022,0:44:48,-5.57784,271,80,47.6304702,-122.3986892,10,54.95,44.83333333,0.960111111,100,0,180,3,47.6304679,-122.3986967,0.074333108,271,4.729842794,47.63046927,-122.3986908,2.83E-06,2.692052269,1.176713691,3.167774763
14:26:32,10/6/2022,0:44:49,-5.54736,268,80,47.6304702,-122.3986892,10,54.95,44.85,0.955666667,100,0,181,3.016666667,47.63046763,-122.3986975,0.064247138,268,4.677482911,47.63046925,-122.3986913,5.31E-07,2.679590507,1.171266573,3.13851479
14:26:33,10/6/2022,0:44:50,-5.57784,266,80,47.6304702,-122.3986892,10,54.95,44.86666667,0.958333333,100,0,182,3.033333333,47.63046725,-122.3986984,0.083340116,266,4.642576322,47.63046912,-122.3986931,1.82E-06,2.687067564,1.174534844,3.156054482
14:26:34,10/6/2022,0:44:51,-5.57784,266,80,47.6304702,-122.3986892,10,54.95,44.88333333,0.962333333,100,0,183,3.05,47.63046696,-122.3986992,0.064942271,266,4.642576322,47.63046908,-122.3986937,5.66E-07,2.698283151,1.17943725,3.18245566
14:26:35,10/6/2022,0:44:52,-5.57784,262,80,47.6304702,-122.3986892,10,54.95,44.9,0.959444444,100,0,184,3.066666667,47.63046665,-122.3986999,0.065259176,262,4.572763144,47.63046883,-122.3986955,1.80E-06,2.690183005,1.175896623,3.163377112
14:26:36,10/6/2022,0:44:53,-5.57784,262,80,47.6304702,-122.3986892,10,54.95,44.91666667,0.954666667,100,0,185,3.083333333,47.63046637,-122.3987005,0.051868216,262,4.572763144,47.63046854,-122.3986976,2.11E-06,2.67678661,1.170040971,3.131950006
14:26:37,10/6/2022,0:44:54,-5.54736,261,79,47.6304702,-122.3986892,10,54.95,44.93333333,0.948666667,100,0,186,3.1,47.63046613,-122.3987011,0.058545452,261,4.55530985,47.63046819,-122.3986997,2.21E-06,2.659963231,1.162687362,3.092705632
14:26:38,10/6/2022,0:44:55,-5.54736,262,79,47.6304588,-122.3987197,10,54.95,44.95,0.947666667,100,2.618382829,187,3.116666667,47.63046587,-122.3987019,0.061247545,262,4.572763144,47.63046784,-122.3987023,2.57E-06,2.657159334,1.16146176,3.086188958
14:26:39,10/6/2022,0:44:56,-5.54736,259,79,47.630455,-122.3987197,10,54.95,44.96666667,0.967,100,0.422337489,188,3.133333333,47.63046559,-122.3987024,0.053491496,259,4.520403261,47.63046749,-122.398704,1.80E-06,2.711368002,1.185156724,3.213396019
14:26:40,10/6/2022,0:44:57,-5.57784,256,79,47.630455,-122.3987197,10,54.95,44.98333333,0.97,100,0,189,3.15,47.63046554,-122.3987032,0.053955992,256,4.468043378,47.63046723,-122.3987051,1.07E-06,2.719779691,1.188833529,3.233365288
14:26:41,10/6/2022,0:44:58,-5.60832,256,79,47.630455,-122.3987197,10,54.95,45,0.9421,100,0,190,3.166666667,47.63046544,-122.3987038,0.052708518,256,4.468043378,47.63046663,-122.3987075,2.47E-06,2.641550976,1.154639245,3.050038425
14:26:42,10/6/2022,0:44:59,-5.60832,255,79,47.630455,-122.3987197,10,54.95,45.01666667,0.919555556,100,0,191,3.183333333,47.63046531,-122.3987045,0.05263712,255,4.450590083,47.63046634,-122.3987086,1.14E-06,2.578338686,1.127008738,2.905810229
14:26:43,10/6/2022,0:45:00,-5.57784,254,79,47.630455,-122.3987197,10,54.95,45.03333333,0.913,100,0,192,3.2,47.63046522,-122.3987052,0.051598785,254,4.433136789,47.6304661,-122.3987094,8.58E-07,2.559957586,1.118974239,2.864526592
14:26:44,10/6/2022,0:45:01,-5.60832,254,79,47.630455,-122.3987197,10,54.95,45.05,0.912333333,100,0,193,3.216666667,47.63046517,-122.3987059,0.051755136,254,4.433136789,47.6304657,-122.3987108,1.46E-06,2.558088321,1.118157171,2.860344802
14:26:45,10/6/2022,0:45:02,-5.60832,256,79,47.6304664,-122.3987121,10,54.95,45.06666667,0.913333333,100,1.389724896,194,3.233333333,47.63046518,-122.3987066,0.053379181,256,4.468043378,47.63046549,-122.3987117,8.77E-07,2.560892218,1.119382773,2.866618632
14:26:46,10/6/2022,0:45:03,-5.6388,255,79,47.6304664,-122.3987121,10,54.95,45.08333333,0.901222222,100,0,195,3.25,47.63046485,-122.3987076,0.087054283,255,4.450590083,47.63046462,-122.3987149,3.33E-06,2.526933915,1.104539376,2.79109801
14:26:47,10/6/2022,0:45:04,-5.6388,259,79,47.6304664,-122.3987121,10,54.95,45.1,0.889111111,100,0,196,3.266666667,47.63046456,-122.3987086,0.077552482,259,4.520403261,47.63046406,-122.3987178,2.94E-06,2.492975612,1.089695979,2.7165855
14:26:48,10/6/2022,0:45:05,-5.6388,260,79,47.6304664,-122.3987121,10,54.95,45.11666667,0.891555556,100,0,197,3.283333333,47.63046431,-122.3987096,0.078524839,260,4.537856556,47.63046393,-122.3987185,7.87E-07,2.499829581,1.092691894,2.73154352
14:26:49,10/6/2022,0:45:06,-5.60832,260,79,47.6304664,-122.3987121,10,54.95,45.13333333,0.9056,100,0,198,3.3,47.6304642,-122.3987104,0.068018245,260,4.537856556,47.63046336,-122.3987218,3.27E-06,2.539208751,1.109904787,2.818279949
14:26:50,10/6/2022,0:45:07,-5.6388,265,79,47.6304664,-122.3987121,10,54.95,45.15,0.917555556,100,0,199,3.316666667,47.63046408,-122.3987114,0.076343337,265,4.625123028,47.63046327,-122.3987228,9.97E-07,2.572730892,1.124557535,2.893183911
14:26:51,10/6/2022,0:45:08,-5.6388,264,79,47.6304664,-122.3987121,10,54.95,45.16666667,0.900666667,100,0,200,3.333333333,47.63046395,-122.3987126,0.085602206,264,4.607669733,47.63046297,-122.3987256,2.83E-06,2.525376194,1.103858486,2.787657944
14:26:52,10/6/2022,0:45:09,-5.6388,263,79,47.6304664,-122.3987121,10,54.95,45.18333333,0.869777778,100,0,201,3.35,47.63046379,-122.3987137,0.083019671,263,4.590216439,47.63046268,-122.398728,2.41E-06,2.438766944,1.066001015,2.599728039
14:26:53,10/6/2022,0:45:10,-5.6388,265,79,47.6304664,-122.3987121,10,54.95,45.2,0.862111111,100,0,202,3.366666667,47.63046362,-122.3987148,0.090599784,265,4.625123028,47.63046251,-122.39873,2.00E-06,2.417270404,1.056604737,2.554099358
14:26:54,10/6/2022,0:45:11,-5.6388,264,79,47.6304664,-122.3987121,10,54.95,45.21666667,0.866111111,100,0,203,3.383333333,47.63046344,-122.3987161,0.098829335,264,4.607669733,47.63046241,-122.3987309,9.38E-07,2.42848599,1.061507143,2.577855225
14:26:55,10/6/2022,0:45:12,-5.6388,266,79,47.6304664,-122.3987121,10,54.95,45.23333333,0.872444444,100,0,204,3.4,47.63046323,-122.3987175,0.107745332,266,4.642576322,47.63046239,-122.3987312,3.26E-07,2.446244002,1.069269286,2.615693578
14:26:56,10/6/2022,0:45:13,-5.60832,264,79,47.6304664,-122.3987121,10,54.95,45.25,0.884444444,100,0,205,3.416666667,47.63046301,-122.398719,0.117391722,264,4.607669733,47.63046229,-122.3987321,9.18E-07,2.479890761,1.083976505,2.68814332
14:26:57,10/6/2022,0:45:14,-5.60832,264,79,47.6304664,-122.3987121,10,54.95,45.26666667,0.889,100,0,206,3.433333333,47.63046286,-122.3987205,0.113188922,264,4.607669733,47.6304621,-122.398734,1.83E-06,2.492664068,1.089559801,2.715906566
14:26:58,10/6/2022,0:45:15,-5.6388,264,79,47.6304664,-122.3987121,10,54.95,45.28333333,0.887,100,0,207,3.45,47.63046271,-122.3987221,0.120333594,264,4.607669733,47.63046184,-122.3987364,2.50E-06,2.487056274,1.087108598,2.70370026
14:26:59,10/6/2022,0:45:16,-5.6388,263,79,47.6304664,-122.3987121,10,54.95,45.3,0.8804,100,0,208,3.466666667,47.63046256,-122.3987238,0.127940753,263,4.590216439,47.6304614,-122.39874,3.60E-06,2.468550557,1.079019628,2.663614503
14:27:00,10/6/2022,0:45:17,-5.60832,262,79,47.6304664,-122.3987121,10,54.95,45.31666667,0.867666667,100,0,209,3.483333333,47.63046234,-122.3987254,0.12454819,262,4.572763144,47.63046113,-122.3987419,1.90E-06,2.432847607,1.063413634,2.587123316
14:27:01,10/6/2022,0:45:18,-5.54736,262,79,47.6304664,-122.3987121,10,54.95,45.33333333,0.869222222,100,0,210,3.5,47.63046209,-122.3987271,0.129902989,262,4.572763144,47.63046092,-122.3987435,1.57E-06,2.437209224,1.065320126,2.596408037
14:27:02,10/6/2022,0:45:19,-5.51688,261,79,47.6304664,-122.3987121,10,54.95,45.35,0.888,100,0,211,3.516666667,47.63046183,-122.3987289,0.135508371,261,4.55530985,47.63046057,-122.3987456,2.21E-06,2.489860171,1.0883342,2.709799977
14:27:03,10/6/2022,0:45:20,-5.51688,257,79,47.6304664,-122.3987121,10,54.95,45.36666667,0.915666667,100,0,212,3.533333333,47.63046153,-122.3987307,0.14141764,257,4.485496672,47.63046006,-122.3987478,2.25E-06,2.567434643,1.12224251,2.881284298
14:27:04,10/6/2022,0:45:21,-5.4864,261,79,47.6304664,-122.3987121,10,54.95,45.38333333,0.962666667,100,0,213,3.55,47.63046121,-122.3987326,0.147691555,261,4.55530985,47.6304596,-122.3987508,2.97E-06,2.699217783,1.179845784,3.184660722
14:27:05,10/6/2022,0:45:22,-5.4864,258,79,47.6304664,-122.3987121,10,54.95,45.4,1.003222222,100,0,214,3.566666667,47.63046086,-122.3987346,0.154398448,258,4.502949967,47.63045926,-122.3987524,1.63E-06,2.812931367,1.229550737,3.458641835
14:27:06,10/6/2022,0:45:23,-5.51688,261,79,47.6304626,-122.3987503,10,54.95,45.41666667,1.009444444,100,2.900819549,215,3.583333333,47.63046047,-122.3987367,0.161614264,261,4.55530985,47.63045896,-122.3987542,1.90E-06,2.830377835,1.237176702,3.501677516
14:27:07,10/6/2022,0:45:24,-5.51688,260,79,47.6304588,-122.3987503,10,54.95,45.43333333,0.998888889,100,0.422337489,216,3.6,47.63046022,-122.3987385,0.13934488,260,4.537856556,47.63045862,-122.3987562,1.99E-06,2.800781148,1.224239797,3.428827744
14:27:08,10/6/2022,0:45:25,-5.4864,263,79,47.6304588,-122.3987503,10,54.95,45.45,0.997,100,0,217,3.616666667,47.63045997,-122.3987403,0.139120627,263,4.590216439,47.63045824,-122.3987593,3.11E-06,2.795484899,1.221924772,3.415872247
14:27:09,10/6/2022,0:45:26,-5.4864,262,79,47.6304588,-122.3987503,10,54.95,45.46666667,0.999111111,100,0,218,3.633333333,47.63045973,-122.3987421,0.138643636,262,4.572763144,47.63045802,-122.3987609,1.60E-06,2.801404236,1.224512153,3.430353532
14:27:10,10/6/2022,0:45:27,-5.51688,262,79,47.6304588,-122.3987503,10,54.95,45.48333333,0.988111111,100,0,219,3.65,47.63045949,-122.3987439,0.137953064,262,4.572763144,47.63045786,-122.398762,1.14E-06,2.770561374,1.211030535,3.355234424
14:27:11,10/6/2022,0:45:28,-5.51688,262,79,47.6304588,-122.3987503,10,54.95,45.5,0.985,100,0,220,3.666666667,47.63045925,-122.3987457,0.137092783,262,4.572763144,47.63045774,-122.3987629,8.86E-07,2.76183814,1.207217553,3.33413948
14:27:12,10/6/2022,0:45:29,-5.51688,264,79,47.6304588,-122.3987503,10,54.95,45.51666667,0.998777778,100,0,221,3.683333333,47.63045901,-122.3987475,0.136111428,264,4.607669733,47.63045739,-122.3987662,3.32E-06,2.800469604,1.224103619,3.428064977
14:27:13,10/6/2022,0:45:30,-5.4864,265,79,47.6304588,-122.3987503,10,54.95,45.53333333,1.008333333,100,0,222,3.7,47.63045878,-122.3987493,0.135062542,265,4.625123028,47.63045732,-122.398767,8.08E-07,2.827262394,1.235814923,3.493973057
14:27:14,10/6/2022,0:45:31,-5.4864,266,79,47.6304588,-122.3987579,10,54.95,45.55,1.019666667,100,0.570976977,223,3.716666667,47.63045855,-122.398751,0.13400474,266,4.642576322,47.63045722,-122.3987684,1.48E-06,2.859039889,1.249705074,3.572956655
14:27:15,10/6/2022,0:45:32,-5.51688,266,79,47.6304435,-122.3987655,10,54.95,45.56666667,1.022777778,100,1.793765018,224,3.733333333,47.63045831,-122.3987527,0.133001874,266,4.642576322,47.63045718,-122.3987689,4.92E-07,2.867763122,1.253518057,3.594792856
14:27:16,10/6/2022,0:45:33,-5.54736,266,79,47.6304473,-122.3987655,10,54.95,45.58333333,1.01,100,0.422337488,225,3.75,47.63045821,-122.3987549,0.159192549,266,4.642576322,47.630457,-122.3987715,2.57E-06,2.831935555,1.237857592,3.505532927
14:27:17,10/6/2022,0:45:34,-5.51688,266,79,47.6304512,-122.3987655,10,54.95,45.6,0.9877,100,0.433451632,226,3.766666667,47.63045805,-122.3987568,0.14997902,266,4.642576322,47.63045687,-122.3987734,1.89E-06,2.769408661,1.210526677,3.352443063
14:27:18,10/6/2022,0:45:35,-5.4864,266,79,47.6304512,-122.3987655,10,54.95,45.61666667,0.983555556,100,0,227,3.783333333,47.63045786,-122.3987587,0.142249854,266,4.642576322,47.63045678,-122.3987746,1.23E-06,2.757788067,1.205447239,3.324368012
14:27:19,10/6/2022,0:45:36,-5.45592,265,79,47.6304512,-122.3987655,10,54.95,45.63333333,1.004555556,100,0,228,3.8,47.63045762,-122.3987605,0.136020177,265,4.625123028,47.63045667,-122.3987759,1.27E-06,2.816669896,1.231184872,3.467841366
14:27:20,10/6/2022,0:45:37,-5.51688,265,79,47.6304473,-122.3987731,10,54.95,45.65,1.022111111,100,0.716864804,229,3.816666667,47.63045735,-122.3987622,0.131307345,265,4.625123028,47.63045656,-122.3987772,1.34E-06,2.865893858,1.252700989,3.59010807
14:27:21,10/6/2022,0:45:38,-5.54736,265,79,47.630455,-122.3987655,10,54.95,45.66666667,1.017444444,100,1.028780745,230,3.833333333,47.6304573,-122.3987638,0.123490257,265,4.625123028,47.63045643,-122.3987786,1.41E-06,2.852809007,1.246981515,3.557400098
14:27:22,10/6/2022,0:45:39,-5.60832,265,79,47.630455,-122.3987655,10,54.95,45.68333333,0.984555556,100,0,231,3.85,47.63045713,-122.3987654,0.12183957,265,4.625123028,47.63045643,-122.3987786,0,2.760591964,1.206672841,3.331131347
14:27:23,10/6/2022,0:45:40,-5.60832,265,79,47.6304588,-122.3987655,10,54.95,45.7,0.945666667,100,0.422337488,232,3.866666667,47.63045692,-122.398767,0.121190764,265,4.625123028,47.63045643,-122.3987786,0,2.651551541,1.159010557,3.073176229
14:27:24,10/6/2022,0:45:41,-5.57784,265,79,47.6304588,-122.3987655,10,54.95,45.71666667,0.931333333,100,0,233,3.883333333,47.63045652,-122.3987689,0.145267071,265,4.625123028,47.63045622,-122.398781,2.44E-06,2.611362357,1.141443601,2.980722853
14:27:25,10/6/2022,0:45:42,-5.57784,265,79,47.6304588,-122.3987655,10,54.95,45.73333333,0.929555556,100,0,234,3.9,47.63045604,-122.3987706,0.144534301,265,4.625123028,47.63045606,-122.3987829,1.85E-06,2.606377651,1.139264754,2.969354194
14:27:26,10/6/2022,0:45:43,-5.57784,265,79,47.6304588,-122.3987655,10,54.95,45.75,0.9181,100,0,235,3.916666667,47.63045573,-122.3987717,0.086770826,265,4.625123028,47.6304559,-122.3987847,1.86E-06,2.574257458,1.125224807,2.896618352
14:27:27,10/6/2022,0:45:44,-5.60832,262,79,47.6304626,-122.3987731,10,54.95,45.76666667,0.909888889,100,0.710199719,236,3.933333333,47.6304555,-122.3987726,0.069770769,262,4.572763144,47.63045556,-122.3987871,2.40E-06,2.551234352,1.115161256,2.845037705
14:27:28,10/6/2022,0:45:45,-5.57784,262,79,47.6304588,-122.3987731,10,54.95,45.78333333,0.912333333,100,0.422337489,237,3.95,47.6304553,-122.3987733,0.055559288,262,4.572763144,47.63045514,-122.3987901,3.01E-06,2.558088321,1.118157171,2.860344802
14:27:29,10/6/2022,0:45:46,-5.54736,262,79,47.6304588,-122.3987731,10,54.95,45.8,0.915,100,0,238,3.966666667,47.63045502,-122.398774,0.065293274,262,4.572763144,47.63045514,-122.3987901,0,2.565565379,1.121425442,2.87709029
14:27:30,10/6/2022,0:45:47,-5.51688,262,79,47.6304588,-122.3987731,10,54.95,45.81666667,0.920111111,100,0,239,3.983333333,47.63045484,-122.3987745,0.043778031,262,4.572763144,47.63045483,-122.3987923,2.25E-06,2.579896406,1.127689628,2.909322419
14:27:31,10/6/2022,0:45:48,-5.4864,261,79,47.6304588,-122.3987731,10,54.95,45.83333333,0.938666667,100,0,240,4,47.63045476,-122.3987748,0.023185158,261,4.55530985,47.63045455,-122.3987941,1.81E-06,2.631924265,1.150431346,3.027848175
14:27:32,10/6/2022,0:45:49,-5.4864,261,79,47.6304588,-122.3987731,10,54.95,45.85,0.969444444,100,0,241,4.016666667,47.63045481,-122.3987749,0.007516223,261,4.55530985,47.63045403,-122.3987974,3.33E-06,2.718221971,1.188152639,3.229662609
14:27:33,10/6/2022,0:45:50,-5.4864,262,79,47.6304512,-122.3987808,10,54.95,45.86666667,0.987888889,100,1.023780417,242,4.033333333,47.63045471,-122.398775,0.011152829,262,4.572763144,47.63045362,-122.3988003,2.94E-06,2.769938286,1.210758179,3.353725436
14:27:34,10/6/2022,0:45:51,-5.4864,261,79,47.6304512,-122.3987808,10,54.95,45.88333333,0.991444444,100,0,243,4.05,47.63045468,-122.3987749,0.006712686,261,4.55530985,47.63045344,-122.3988014,1.11E-06,2.779907696,1.215115874,3.377909969
14:27:35,10/6/2022,0:45:52,-5.45592,261,79,47.6304512,-122.3987808,10,54.95,45.9,1.002333333,100,0,244,4.066666667,47.6304547,-122.3987747,0.014004787,261,4.55530985,47.63045315,-122.3988033,1.90E-06,2.810439014,1.228461313,3.452515602
14:27:36,10/6/2022,0:45:53,-5.42544,261,79,47.6304588,-122.3987731,10,54.95,45.91666667,1.0101,100,1.023780417,245,4.083333333,47.63045478,-122.3987744,0.022371994,261,4.55530985,47.63045313,-122.3988034,8.00E-08,2.832215945,1.237980152,3.506227126
14:27:37,10/6/2022,0:45:54,-5.45592,264,79,47.6304588,-122.3987731,10,54.95,45.93333333,1.015,100,0,246,4.1,47.63045492,-122.3987741,0.029879457,264,4.607669733,47.63045292,-122.3988054,2.06E-06,2.845955038,1.2439856,3.540327085
14:27:38,10/6/2022,0:45:55,-5.51688,263,79,47.6304588,-122.3987731,10,54.95,45.95,1.005666667,100,0,247,4.116666667,47.63045511,-122.3987737,0.036312703,263,4.590216439,47.63045277,-122.3988066,1.20E-06,2.819785336,1.232546652,3.475516975
14:27:39,10/6/2022,0:45:56,-5.4864,265,79,47.6304588,-122.3987731,10,54.95,45.96666667,0.985,100,0,248,4.133333333,47.63045536,-122.3987733,0.041645946,265,4.625123028,47.63045275,-122.3988068,1.80E-07,2.76183814,1.207217553,3.33413948
14:27:40,10/6/2022,0:45:57,-5.45592,265,79,47.6304588,-122.3987731,10,54.95,45.98333333,0.975555556,100,0,249,4.15,47.63045565,-122.3987728,0.045904798,265,4.625123028,47.6304526,-122.3988086,1.83E-06,2.735356895,1.195642427,3.270508755
14:27:41,10/6/2022,0:45:58,-5.42544,267,79,47.6304588,-122.3987731,10,54.95,46,0.986777778,100,0,250,4.166666667,47.63045599,-122.3987724,0.049147705,267,4.660029617,47.6304526,-122.3988086,0,2.766822845,1.2093964,3.346185588
14:27:42,10/6/2022,0:45:59,-5.45592,266,79,47.6304588,-122.3987731,10,54.95,46.01666667,1.011222222,100,0,251,4.183333333,47.63045637,-122.398772,0.051470939,266,4.642576322,47.63045242,-122.3988111,2.51E-06,2.83536254,1.23935555,3.514022298
14:27:43,10/6/2022,0:46:00,-5.4864,269,79,47.6304588,-122.3987731,10,54.95,46.03333333,1.011111111,100,0,252,4.2,47.63045679,-122.3987717,0.053024188,269,4.694936206,47.6304524,-122.3988121,9.43E-07,2.835050995,1.239219372,3.513250113
14:27:44,10/6/2022,0:46:01,-5.51688,268,79,47.6304588,-122.3987731,10,54.95,46.05,0.981,100,0,253,4.216666667,47.63045724,-122.3987714,0.054034705,268,4.677482911,47.63045231,-122.3988146,2.55E-06,2.750622554,1.202315146,3.307115158
14:27:45,10/6/2022,0:46:02,-5.45592,267,79,47.6304588,-122.3987731,10,54.95,46.06666667,0.956555556,100,0,254,4.233333333,47.63045772,-122.3987713,0.05483793,267,4.660029617,47.63045229,-122.398815,3.72E-07,2.682082859,1.172355997,3.144355924
14:27:46,10/6/2022,0:46:03,-5.42544,262,79,47.6304588,-122.3987731,10,54.95,46.08333333,0.976,100,0,255,4.25,47.63045822,-122.3987712,0.055905998,262,4.572763144,47.63045203,-122.3988169,1.90E-06,2.736603071,1.196187138,3.273489396
14:27:47,10/6/2022,0:46:04,-5.42544,259,79,47.6304588,-122.3987731,10,54.95,46.1,1.004,100,0,256,4.266666667,47.63045874,-122.3987713,0.057851968,259,4.520403261,47.63045191,-122.3988175,6.38E-07,2.815112175,1.230503983,3.464006743
14:27:48,10/6/2022,0:46:05,-5.45592,259,79,47.6304588,-122.3987731,10,54.95,46.11666667,1.015555556,100,0,257,4.283333333,47.63045927,-122.3987715,0.061377142,259,4.520403261,47.63045158,-122.3988192,1.73E-06,2.847512758,1.24466649,3.544203709
14:27:49,10/6/2022,0:46:06,-5.45592,260,79,47.6304588,-122.3987731,10,54.95,46.13333333,1.013555556,100,0,258,4.3,47.6304598,-122.398772,0.067150224,260,4.537856556,47.63045144,-122.39882,7.68E-07,2.841904965,1.242215287,3.53025779
14:27:50,10/6/2022,0:46:07,-5.45592,260,79,47.6304588,-122.3987731,10,54.95,46.15,1.003333333,100,0,259,4.316666667,47.63046032,-122.3987726,0.07567223,260,4.537856556,47.6304513,-122.3988208,8.25E-07,2.813242911,1.229686915,3.459407996
14:27:51,10/6/2022,0:46:08,-5.42544,260,79,47.6304588,-122.3987731,10,54.95,46.16666667,0.996111111,100,0,260,4.333333333,47.63046083,-122.3987735,0.087217553,260,4.537856556,47.63045101,-122.3988224,1.70E-06,2.792992547,1.220835348,3.409784027
14:27:52,10/6/2022,0:46:09,-5.42544,260,79,47.6304588,-122.3987731,10,54.95,46.18333333,0.998666667,100,0,261,4.35,47.63046132,-122.3987746,0.101877266,260,4.537856556,47.63045073,-122.398824,1.61E-06,2.80015806,1.223967441,3.427302295
14:27:53,10/6/2022,0:46:10,-5.42544,260,79,47.6304588,-122.3987731,10,54.95,46.2,1.006888889,100,0,262,4.366666667,47.63046178,-122.3987761,0.119646859,260,4.537856556,47.63045055,-122.3988251,1.04E-06,2.823212321,1.234044609,3.483969946
14:27:54,10/6/2022,0:46:11,-5.45592,260,79,47.6304588,-122.3987731,10,54.95,46.21666667,1.013555556,100,0,263,4.383333333,47.63046229,-122.398777,0.087456055,260,4.537856556,47.63045034,-122.3988262,1.21E-06,2.841904965,1.242215287,3.53025779
14:27:55,10/6/2022,0:46:12,-5.4864,260,79,47.6304588,-122.3987731,10,54.95,46.23333333,1.006222222,100,0,264,4.4,47.63046285,-122.398778,0.097980216,260,4.537856556,47.63045008,-122.3988277,1.47E-06,2.821343057,1.233227542,3.479357962
14:27:56,10/6/2022,0:46:13,-5.45592,259,79,47.6304588,-122.3987731,10,54.95,46.25,0.9967,100,0,265,4.416666667,47.63046342,-122.3987791,0.103969095,259,4.520403261,47.63044973,-122.3988295,1.86E-06,2.79464373,1.221557091,3.413816866
14:27:57,10/6/2022,0:46:14,-5.45592,260,79,47.6304588,-122.3987731,10,54.95,46.26666667,0.996888889,100,0,266,4.433333333,47.63046397,-122.3987803,0.110258055,260,4.537856556,47.63044939,-122.3988314,1.93E-06,2.795173355,1.221788594,3.415110922
14:27:58,10/6/2022,0:46:15,-5.45592,260,79,47.6304588,-122.3987731,10,54.95,46.28333333,1.011111111,100,0,267,4.45,47.6304645,-122.3987816,0.116898902,260,4.537856556,47.63044908,-122.3988332,1.80E-06,2.835050995,1.239219372,3.513250113
14:27:59,10/6/2022,0:46:16,-5.45592,260,79,47.6304588,-122.3987731,10,54.95,46.3,1.009111111,100,0,268,4.466666667,47.63046502,-122.3987831,0.123948503,260,4.537856556,47.63044873,-122.3988352,2.01E-06,2.829443202,1.236768168,3.499365287
14:28:00,10/6/2022,0:46:17,-5.4864,260,79,47.6304588,-122.3987731,10,54.95,46.31666667,0.993888889,100,0,269,4.483333333,47.63046544,-122.3987853,0.174998187,260,4.537856556,47.6304485,-122.3988365,1.31E-06,2.786761665,1.218111789,3.394587237
14:28:01,10/6/2022,0:46:18,-5.45592,257,79,47.6304588,-122.3987731,10,54.95,46.33333333,0.989111111,100,0,270,4.5,47.63046578,-122.3987882,0.21616548,257,4.485496672,47.63044825,-122.3988375,1.11E-06,2.773365271,1.212256137,3.362029069
14:28:02,10/6/2022,0:46:19,-5.45592,260,79,47.6304588,-122.3987731,10,54.95,46.35,0.998666667,100,0,271,4.516666667,47.63046613,-122.3987906,0.186446505,260,4.537856556,47.63044785,-122.3988398,2.35E-06,2.80015806,1.223967441,3.427302295
14:28:03,10/6/2022,0:46:20,-5.45592,270,79,47.6304664,-122.398796,10,54.95,46.36666667,1.007666667,100,1.916612169,272,4.533333333,47.63046682,-122.3987926,0.170415497,270,4.7123895,47.63044785,-122.3988414,1.51E-06,2.825393129,1.234997855,3.489354455
14:28:04,10/6/2022,0:46:21,-5.45592,271,79,47.6304664,-122.398796,10,54.95,46.38333333,1.011,100,0,273,4.55,47.6304675,-122.3987944,0.154790704,271,4.729842794,47.63044787,-122.398843,1.62E-06,2.834739451,1.239083194,3.512478013
14:28:05,10/6/2022,0:46:22,-5.4864,273,79,47.6304664,-122.398796,10,54.95,46.4,0.9966,100,0,274,4.566666667,47.63046814,-122.398796,0.140490962,273,4.764749383,47.63044796,-122.3988446,1.67E-06,2.794363341,1.221434531,3.413131876
14:28:06,10/6/2022,0:46:23,-5.4864,273,79,47.6304664,-122.398796,10,54.95,46.41666667,0.983888889,100,0,275,4.583333333,47.63046882,-122.3987975,0.132452736,273,4.764749383,47.63044796,-122.3988446,0,2.758722699,1.205855773,3.326621694
14:28:07,10/6/2022,0:46:24,-5.45592,274,79,47.6304664,-122.398796,10,54.95,46.43333333,0.971888889,100,0,276,4.6,47.63046953,-122.3987988,0.12687566,274,4.782202678,47.63044806,-122.398846,1.37E-06,2.72507594,1.191148554,3.245970266
14:28:08,10/6/2022,0:46:25,-5.45592,273,79,47.6304817,-122.398796,10,54.95,46.45,0.971333333,100,1.700464095,277,4.616666667,47.63047036,-122.3987999,0.121296815,273,4.764749383,47.6304482,-122.3988488,2.82E-06,2.72351822,1.190467664,3.242260374
14:28:09,10/6/2022,0:46:26,-5.45592,273,79,47.6304817,-122.398796,10,54.95,46.46666667,0.975111111,100,0,278,4.633333333,47.63047152,-122.398801,0.153304919,273,4.764749383,47.63044834,-122.3988514,2.60E-06,2.734110718,1.195097715,3.267529472
14:28:10,10/6/2022,0:46:27,-5.4864,274,79,47.6304855,-122.398796,10,54.95,46.48333333,0.970444444,100,0.422337489,279,4.65,47.63047253,-122.398802,0.139016482,274,4.782202678,47.63044841,-122.3988525,1.04E-06,2.721025868,1.189378241,3.23632896
14:28:11,10/6/2022,0:46:28,-5.51688,271,79,47.6304817,-122.3988113,10,54.95,46.5,0.945333333,100,1.224598564,280,4.666666667,47.63047335,-122.3988031,0.11992358,271,4.729842794,47.63044843,-122.3988534,9.55E-07,2.650616909,1.158602023,3.071010114
14:28:12,10/6/2022,0:46:29,-5.4864,272,79,47.6304817,-122.3988113,10,54.95,46.51666667,0.924888889,100,0,281,4.683333333,47.63047402,-122.3988042,0.109445245,272,4.747296089,47.6304485,-122.3988554,2.01E-06,2.593292801,1.13354528,2.939614814
14:28:13,10/6/2022,0:46:30,-5.42544,272,79,47.6304817,-122.3988113,10,54.95,46.53333333,0.939666667,100,0,282,4.7,47.63047458,-122.3988052,0.102024265,272,4.747296089,47.6304485,-122.3988554,0,2.634728161,1.151656948,3.034302993
14:28:14,10/6/2022,0:46:31,-5.42544,269,79,47.6304817,-122.3988113,10,54.95,46.55,0.9659,100,0,283,4.716666667,47.63047502,-122.3988064,0.097852846,269,4.694936206,47.63044848,-122.3988567,1.24E-06,2.708283715,1.183808563,3.206089452
14:28:15,10/6/2022,0:46:32,-5.45592,269,79,47.6304817,-122.3988113,10,54.95,46.56666667,0.97075,100,0,284,4.733333333,47.63047526,-122.3988074,0.081313202,269,4.694936206,47.63044847,-122.3988573,6.33E-07,2.721882614,1.18975273,3.238367271
14:28:16,10/6/2022,0:46:33,-5.4864,268,79,47.630474,-122.3988265,10,54.95,46.58333333,0.9569,100,1.4270364,285,4.75,47.63047548,-122.3988084,0.082322914,268,4.677482911,47.63044842,-122.3988588,1.48E-06,2.683048646,1.172778148,3.146620823
14:28:17,10/6/2022,0:46:34,-5.4864,266,79,47.630474,-122.3988265,10,54.95,46.6,0.933222222,100,0,286,4.766666667,47.6304756,-122.3988095,0.083050346,266,4.642576322,47.63044822,-122.3988616,2.77E-06,2.616658606,1.143758627,2.992825853
14:28:18,10/6/2022,0:46:35,-5.45592,267,79,47.630474,-122.3988265,10,54.95,46.61666667,0.921222222,100,0,287,4.783333333,47.63047557,-122.3988109,0.105311449,267,4.660029617,47.63044815,-122.3988629,1.32E-06,2.583011847,1.129051408,2.916353161
14:28:19,10/6/2022,0:46:36,-5.42544,268,79,47.630474,-122.3988265,10,54.95,46.63333333,0.926555556,100,0,288,4.8,47.63047549,-122.3988123,0.10406355,268,4.677482911,47.63044812,-122.3988639,9.88E-07,2.597965962,1.135587949,2.950218839
14:28:20,10/6/2022,0:46:37,-5.45592,270,79,47.630474,-122.3988265,10,54.95,46.65,0.943,100,0,289,4.816666667,47.63047535,-122.3988137,0.104324007,270,4.7123895,47.63044812,-122.3988657,1.82E-06,2.644074483,1.155742286,3.055868689
14:28:21,10/6/2022,0:46:38,-5.4864,269,79,47.630474,-122.3988265,10,54.95,46.66666667,0.946888889,100,0,290,4.833333333,47.63047533,-122.3988149,0.090585524,269,4.694936206,47.6304481,-122.3988668,1.15E-06,2.654978526,1.160508515,3.081125186
14:28:22,10/6/2022,0:46:39,-5.4864,269,79,47.630474,-122.3988265,10,54.95,46.68333333,0.95,100,0,291,4.85,47.63047519,-122.3988163,0.109018243,269,4.694936206,47.63044805,-122.3988693,2.51E-06,2.66370176,1.164321497,3.101405221
14:28:23,10/6/2022,0:46:40,-5.42544,274,79,47.630474,-122.3988265,10,54.95,46.7,0.950555556,100,0,292,4.866666667,47.63047511,-122.3988176,0.100612516,274,4.782202678,47.63044822,-122.3988716,2.31E-06,2.66525948,1.165002387,3.105033657
14:28:24,10/6/2022,0:46:41,-5.42544,273,79,47.630474,-122.3988265,10,54.95,46.71666667,0.9579,100,0,293,4.883333333,47.63047458,-122.3988193,0.139101945,273,4.764749383,47.63044822,-122.3988716,0,2.685852543,1.17400375,3.153200957
14:28:25,10/6/2022,0:46:42,-5.45592,272,79,47.630474,-122.3988265,10,54.95,46.73333333,0.956444444,100,0,294,4.9,47.63047383,-122.3988209,0.144079262,272,4.747296089,47.63044828,-122.3988734,1.71E-06,2.681771315,1.172219819,3.143625485
14:28:26,10/6/2022,0:46:43,-5.4864,271,79,47.630474,-122.3988265,10,54.95,46.75,0.937222222,100,0,295,4.916666667,47.63047329,-122.3988224,0.127244069,271,4.729842794,47.6304483,-122.3988747,1.31E-06,2.627874192,1.148661033,3.018536684
14:28:27,10/6/2022,0:46:44,-5.4864,272,79,47.630474,-122.3988265,10,54.95,46.76666667,0.909888889,100,0,296,4.933333333,47.63047292,-122.3988238,0.11503047,272,4.747296089,47.6304483,-122.3988747,0,2.551234352,1.115161256,2.845037705
14:28:28,10/6/2022,0:46:45,-5.45592,272,79,47.630474,-122.3988265,10,54.95,46.78333333,0.897111111,100,0,297,4.95,47.63047283,-122.3988251,0.095191584,272,4.747296089,47.63044835,-122.3988761,1.47E-06,2.515406784,1.099500792,2.765691751
14:28:29,10/6/2022,0:46:46,-5.42544,271,79,47.630474,-122.3988265,10,54.95,46.8,0.798333333,100,0,298,4.966666667,47.63047283,-122.3988264,0.096112531,271,4.729842794,47.63044839,-122.3988783,2.16E-06,2.23844411,0.978438592,2.190180103
14:28:30,10/6/2022,0:46:47,-5.39496,271,79,47.630474,-122.3988265,10,54.95,46.81666667,0.642,100,0,299,4.983333333,47.63047291,-122.3988277,0.098889099,271,4.729842794,47.63044844,-122.3988813,2.99E-06,1.80010161,0.786836212,1.416385132
14:28:31,10/6/2022,0:46:48,-5.36448,270,79,47.630474,-122.3988265,10,54.95,46.83333333,0.571888889,100,0,300,5,47.63047305,-122.398829,0.10296539,270,4.7123895,47.63044844,-122.3988831,1.82E-06,1.603517305,0.700907924,1.123917985
14:28:32,10/6/2022,0:46:49,-5.27304,271,79,47.630474,-122.3988265,10,54.95,46.85,0.6122,100,0,301,5.016666667,47.63047331,-122.3988306,0.118996867,271,4.729842794,47.6304485,-122.3988863,3.23E-06,1.716545492,0.750313285,1.287946887
14:28:33,10/6/2022,0:46:50,-5.12064,270,79,47.630474,-122.3988265,10,54.95,46.86666667,0.693555556,100,0,302,5.033333333,47.63047366,-122.3988321,0.123306894,270,4.7123895,47.6304485,-122.398888,1.66E-06,1.944658056,0.850022782,1.653003651
14:28:34,10/6/2022,0:46:51,-5.0292,271,79,47.630474,-122.3988265,10,54.95,46.88333333,0.792666667,100,0,303,5.05,47.63047413,-122.3988336,0.121879971,271,4.729842794,47.63044851,-122.3988889,8.92E-07,2.222555363,0.971493516,2.159198124
14:28:35,10/6/2022,0:46:52,-4.8768,271,79,47.630474,-122.3988265,10,54.93,46.9,0.895333333,100,0,304,5.066666667,47.63047455,-122.3988351,0.125690834,271,4.729842794,47.63044855,-122.3988911,2.21E-06,2.510422079,1.097321945,2.754741238
14:28:36,10/6/2022,0:46:53,-4.8768,272,79,47.630474,-122.3988265,10,54.95,46.91666667,1.014555556,100,0,305,5.083333333,47.63047499,-122.3988368,0.132914897,272,4.747296089,47.63044868,-122.3988948,3.71E-06,2.844708862,1.243440888,3.537227313
14:28:37,10/6/2022,0:46:54,-4.84632,271,79,47.630474,-122.3988265,10,54.95,46.93333333,1.173777778,100,0,306,5.1,47.63047536,-122.3988385,0.137529746,271,4.729842794,47.6304487,-122.3988961,1.35E-06,3.291151507,1.438583895,4.734597553
14:28:38,10/6/2022,0:46:55,-4.90728,271,79,47.630474,-122.3988265,10,54.93,46.95,1.391222222,100,0,307,5.116666667,47.63047567,-122.3988404,0.143288478,271,4.729842794,47.63044872,-122.3988974,1.21E-06,3.900843243,1.705084149,6.65126598
14:28:39,10/6/2022,0:46:56,-4.96824,271,79,47.630474,-122.3988265,10,54.95,46.96666667,1.528666667,100,0,308,5.133333333,47.63047619,-122.3988421,0.140102497,271,4.729842794,47.63044873,-122.3988976,2.60E-07,4.286223252,1.873536276,8.030394751
14:28:40,10/6/2022,0:46:57,-5.0292,271,79,47.630474,-122.3988265,10,54.95,46.98333333,1.533333333,100,0,309,5.15,47.63047658,-122.398844,0.148778963,271,4.729842794,47.63044876,-122.3988996,1.99E-06,4.299308103,1.87925575,8.079499475
14:28:41,10/6/2022,0:46:58,-5.15112,271,79,47.630474,-122.3988265,10,54.95,47,1.450555556,100,0,310,5.166666667,47.63047686,-122.3988461,0.159601254,271,4.729842794,47.63044879,-122.3989009,1.25E-06,4.067207774,1.777803175,7.230694896
14:28:42,10/6/2022,0:46:59,-5.1816,271,79,47.630474,-122.3988265,10,54.95,47.01666667,1.389222222,100,0,311,5.183333333,47.63047704,-122.3988483,0.171739533,271,4.729842794,47.63044881,-122.3989025,1.62E-06,3.89523545,1.702632945,6.632156207
14:28:43,10/6/2022,0:47:00,-5.27304,272,79,47.630474,-122.3988265,10,54.95,47.03333333,1.338333333,100,0,312,5.2,47.63047708,-122.3988513,0.223290351,272,4.747296089,47.63044884,-122.3989033,8.62E-07,3.752548268,1.640263443,6.155167742
14:28:44,10/6/2022,0:47:01,-5.30352,272,79,47.630474,-122.3988265,10,54.95,47.05,1.269333333,100,0,313,5.216666667,47.63047708,-122.3988543,0.224933809,272,4.747296089,47.63044887,-122.398904,6.38E-07,3.559079404,1.555696934,5.536848917
14:28:45,10/6/2022,0:47:02,-5.36448,272,79,47.630474,-122.3988265,10,54.95,47.06666667,1.209888889,100,0,314,5.233333333,47.63047704,-122.3988573,0.227978413,272,4.747296089,47.63044893,-122.3989059,1.96E-06,3.392403329,1.482841729,5.030397218
14:28:46,10/6/2022,0:47:03,-5.36448,271,79,47.630474,-122.3988265,10,54.95,47.08333333,1.159444444,100,0,315,5.25,47.630477,-122.3988604,0.232358592,271,4.729842794,47.63044895,-122.3989071,1.20E-06,3.250962323,1.421016939,4.619672528
14:28:47,10/6/2022,0:47:04,-5.39496,272,79,47.6304702,-122.3988647,10,54.95,47.1,1.108666667,100,2.897102761,316,5.266666667,47.63047695,-122.3988636,0.238052954,272,4.747296089,47.63044898,-122.3989079,7.73E-07,3.108586685,1.358783614,4.223896651
14:28:48,10/6/2022,0:47:05,-5.39496,272,79,47.6304664,-122.3989028,10,54.95,47.11666667,1.0609,100,2.897102956,317,5.283333333,47.63047691,-122.3988668,0.245084741,272,4.747296089,47.63044904,-122.3989096,1.71E-06,2.974653891,1.300240712,3.867766094
14:28:49,10/6/2022,0:47:06,-5.39496,272,79,47.6304664,-122.3989028,10,54.95,47.13333333,1.044666667,100,0,318,5.3,47.63047703,-122.3988702,0.253870702,272,4.747296089,47.63044909,-122.398911,1.37E-06,2.929137303,1.280345113,3.750306633
14:28:50,10/6/2022,0:47:07,-5.39496,271,79,47.6304664,-122.3989028,10,54.95,47.15,1.049444444,100,0,319,5.316666667,47.63047715,-122.3988737,0.263796253,271,4.729842794,47.6304491,-122.3989117,7.66E-07,2.942533698,1.286200765,3.784689094
14:28:51,10/6/2022,0:47:08,-5.42544,272,79,47.6304664,-122.3989028,10,54.95,47.16666667,1.045111111,100,0,320,5.333333333,47.63047713,-122.3988769,0.235550243,272,4.747296089,47.63044914,-122.3989129,1.12E-06,2.93038348,1.280889825,3.753498383
14:28:52,10/6/2022,0:47:09,-5.42544,272,79,47.6304664,-122.3989028,10,54.95,47.18333333,1.027,100,0,321,5.35,47.6304771,-122.39888,0.237310964,272,4.747296089,47.63044918,-122.3989139,1.07E-06,2.879601797,1.258692819,3.624534103
14:28:53,10/6/2022,0:47:10,-5.39496,272,79,47.6304664,-122.3989028,10,54.95,47.2,1.004111111,100,0,322,5.366666667,47.63047708,-122.3988832,0.239440198,272,4.747296089,47.63044928,-122.3989169,2.98E-06,2.815423719,1.230640161,3.464773498
14:28:54,10/6/2022,0:47:11,-5.36448,271,79,47.6304664,-122.3989028,10,54.95,47.21666667,1.006111111,100,0,323,5.383333333,47.63047708,-122.3988864,0.241981584,271,4.729842794,47.6304493,-122.3989181,1.17E-06,2.821031513,1.233091364,3.478589595
14:28:55,10/6/2022,0:47:12,-5.39496,271,79,47.6304664,-122.3989028,10,54.95,47.23333333,1.026444444,100,0,324,5.4,47.63047712,-122.3988897,0.245018189,271,4.729842794,47.63044933,-122.3989198,1.72E-06,2.878044077,1.258011929,3.620613781
14:28:56,10/6/2022,0:47:13,-5.42544,271,79,47.6304931,-122.3989028,10,54.95,47.25,1.029555556,100,2.967476535,325,5.416666667,47.63047686,-122.398893,0.250087844,271,4.729842794,47.63044936,-122.3989211,1.29E-06,2.88676731,1.261824912,3.642594907
14:28:57,10/6/2022,0:47:14,-5.45592,272,79,47.6304931,-122.3989028,10,54.95,47.26666667,1.010777778,100,0,326,5.433333333,47.63047657,-122.3988964,0.254513409,272,4.747296089,47.63044938,-122.3989219,8.01E-07,2.834116363,1.238810838,3.510934066
14:28:58,10/6/2022,0:47:15,-5.39496,272,79,47.6304931,-122.3989028,10,54.95,47.28333333,0.9958,100,0,327,5.45,47.63047616,-122.3988998,0.261017838,272,4.747296089,47.63044944,-122.3989234,1.53E-06,2.792120223,1.22045405,3.407654434
14:28:59,10/6/2022,0:47:16,-5.36448,271,79,47.6304931,-122.3989028,10,54.95,47.3,1.014888889,100,0,328,5.466666667,47.63047553,-122.3989036,0.293466517,271,4.729842794,47.63044944,-122.3989234,0,2.845643494,1.243849422,3.539552015
14:29:00,10/6/2022,0:47:17,-5.39496,271,79,47.6304931,-122.3989028,10,54.95,47.31666667,1.040666667,100,0,329,5.483333333,47.63047488,-122.3989071,0.278010491,271,4.729842794,47.63044949,-122.3989265,3.08E-06,2.917921717,1.275442707,3.721641974
14:29:01,10/6/2022,0:47:18,-5.42544,271,79,47.6304931,-122.3989028,10,54.95,47.33333333,1.037,100,0,330,5.5,47.63047423,-122.3989107,0.273393059,271,4.729842794,47.63044957,-122.3989309,4.42E-06,2.907640763,1.270948835,3.695462639
14:29:02,10/6/2022,0:47:19,-5.45592,272,79,47.6304931,-122.3989028,10,54.95,47.35,1.004888889,100,0,331,5.516666667,47.63047364,-122.3989139,0.256084815,272,4.747296089,47.63044958,-122.3989313,3.91E-07,2.817604528,1.231593406,3.470143158
14:29:03,10/6/2022,0:47:20,-5.39496,272,79,47.6304931,-122.3989028,10,54.95,47.36666667,0.969333333,100,0,332,5.533333333,47.63047311,-122.3989171,0.241170532,272,4.747296089,47.63044963,-122.3989326,1.24E-06,2.717910427,1.188016461,3.228922327
14:29:04,10/6/2022,0:47:21,-5.36448,271,79,47.6304931,-122.3989028,10,54.95,47.38333333,0.975666667,100,0,333,5.55,47.63047255,-122.3989198,0.215340212,271,4.729842794,47.63044967,-122.3989349,2.32E-06,2.735668439,1.195778605,3.271253788
14:29:05,10/6/2022,0:47:22,-5.36448,271,79,47.6304893,-122.3989181,10,54.95,47.4,1.015555556,100,1.224598397,334,5.566666667,47.6304726,-122.398922,0.167224843,271,4.729842794,47.6304497,-122.3989366,1.74E-06,2.847512758,1.24466649,3.544203709
14:29:06,10/6/2022,0:47:23,-5.42544,271,79,47.6304893,-122.3989181,10,54.95,47.41666667,1.032888889,100,0,335,5.583333333,47.63047268,-122.3989241,0.157467634,271,4.729842794,47.63044974,-122.398939,2.41E-06,2.896113632,1.26591025,3.666219933
14:29:07,10/6/2022,0:47:24,-5.45592,272,79,47.6304893,-122.3989181,10,54.95,47.43333333,1.003333333,100,0,336,5.6,47.63047277,-122.3989261,0.147742664,272,4.747296089,47.6304498,-122.3989408,1.79E-06,2.813242911,1.229686915,3.459407996
14:29:08,10/6/2022,0:47:25,-5.39496,272,79,47.6304893,-122.3989181,10,54.95,47.45,0.9688,100,0,337,5.616666667,47.63047289,-122.3989279,0.138114486,272,4.747296089,47.63044988,-122.398943,2.20E-06,2.716415015,1.187362807,3.225370158
14:29:09,10/6/2022,0:47:26,-5.36448,272,79,47.6304817,-122.3989334,10,54.95,47.46666667,0.976111111,100,1.426446062,338,5.633333333,47.63047303,-122.3989296,0.128648618,272,4.747296089,47.63044995,-122.3989452,2.21E-06,2.736914615,1.196323316,3.274234769
14:29:10,10/6/2022,0:47:27,-5.39496,271,79,47.6304817,-122.3989334,10,54.95,47.48333333,1.016777778,100,0,339,5.65,47.63047319,-122.3989312,0.119411665,271,4.729842794,47.63044998,-122.3989467,1.51E-06,2.850939743,1.246164447,3.552739749
14:29:11,10/6/2022,0:47:28,-5.42544,272,79,47.6304626,-122.3989486,10,54.95,47.5,1.029666667,100,2.410465635,340,5.666666667,47.63047337,-122.3989326,0.110471297,272,4.747296089,47.63045005,-122.3989488,2.02E-06,2.887078854,1.26196109,3.643381177
14:29:12,10/6/2022,0:47:29,-5.4864,272,79,47.6304435,-122.3989486,10,54.95,47.51666667,1.003666667,100,2.122801549,341,5.683333333,47.63047357,-122.398934,0.101895966,272,4.747296089,47.63045005,-122.3989488,0,2.814177543,1.230095449,3.461706988
14:29:13,10/6/2022,0:47:30,-5.4864,271,79,47.6304435,-122.3989486,10,54.95,47.53333333,0.975333333,100,0,342,5.7,47.63047378,-122.3989352,0.093754412,271,4.729842794,47.63045005,-122.3989488,0,2.734733806,1.195370071,3.269018944
14:29:14,10/6/2022,0:47:31,-5.4864,271,79,47.6304435,-122.3989486,10,54.95,47.55,0.953555556,100,0,343,5.716666667,47.63047402,-122.3989363,0.086114601,271,4.729842794,47.63045005,-122.3989488,0,2.67367117,1.168679192,3.124663862
14:29:15,10/6/2022,0:47:32,-5.4864,271,79,47.6304512,-122.398941,10,54.95,47.56666667,0.934111111,100,1.028780751,344,5.733333333,47.63047426,-122.3989372,0.079041968,271,4.729842794,47.63045007,-122.3989498,1.08E-06,2.619150958,1.14484805,2.998529868
14:29:16,10/6/2022,0:47:33,-5.51688,269,79,47.6304512,-122.398941,10,54.95,47.58333333,0.910888889,100,0,345,5.75,47.63047453,-122.3989381,0.072596555,269,4.694936206,47.63045004,-122.3989515,1.65E-06,2.554038248,1.116386858,2.851294736
14:29:17,10/6/2022,0:47:34,-5.45592,272,79,47.6304512,-122.398941,10,54.95,47.6,0.894555556,100,0,346,5.766666667,47.6304748,-122.3989389,0.06682886,272,4.747296089,47.63045011,-122.3989535,1.99E-06,2.508241271,1.096368699,2.749957219
14:29:18,10/6/2022,0:47:35,-5.42544,271,79,47.6304512,-122.398941,10,54.95,47.61666667,0.9002,100,0,347,5.783333333,47.63047508,-122.3989396,0.061774675,271,4.729842794,47.63045014,-122.398955,1.53E-06,2.524067709,1.103286539,2.784769927
14:29:19,10/6/2022,0:47:36,-5.39496,271,79,47.630455,-122.3989486,10,54.95,47.63333333,0.931375,100,0.710199772,348,5.8,47.63047538,-122.3989402,0.057449098,271,4.729842794,47.63045016,-122.3989564,1.40E-06,2.611479186,1.141494668,2.980989566
14:29:20,10/6/2022,0:47:37,-5.39496,271,79,47.6304588,-122.3989486,10,54.95,47.65,0.9743,100,0.422337482,349,5.816666667,47.63047568,-122.3989408,0.053842022,271,4.729842794,47.6304502,-122.3989588,2.41E-06,2.731836447,1.194103616,3.262095779
14:29:21,10/6/2022,0:47:38,-5.39496,271,79,47.6304664,-122.398941,10,54.95,47.66666667,1,100,1.019554042,350,5.833333333,47.63047599,-122.3989413,0.050916568,271,4.729842794,47.63045024,-122.3989608,2.01E-06,2.803896589,1.225601576,3.436460079
14:29:22,10/6/2022,0:47:39,-5.42544,271,79,47.6304664,-122.398941,10,54.95,47.68333333,1.007111111,100,0,351,5.85,47.6304763,-122.3989418,0.048613527,271,4.729842794,47.63045027,-122.3989624,1.63E-06,2.823835409,1.234316965,3.485507953
14:29:23,10/6/2022,0:47:40,-5.39496,272,79,47.6304702,-122.398941,10,54.95,47.7,1.005555556,100,0.422337482,352,5.866666667,47.63047661,-122.3989422,0.046862609,272,4.747296089,47.63045033,-122.3989641,1.71E-06,2.819473792,1.232410474,3.474749032
14:29:24,10/6/2022,0:47:41,-5.39496,270,79,47.6304702,-122.398941,10,54.99,47.71666667,1.002555556,100,0,353,5.883333333,47.63047692,-122.3989426,0.045599563,270,4.7123895,47.63045033,-122.398967,2.88E-06,2.811062102,1.228733669,3.454046651
14:29:25,10/6/2022,0:47:42,-5.39496,268,79,47.6304702,-122.398941,10,54.95,47.73333333,1.000555556,100,0,354,5.9,47.63047722,-122.398943,0.044787022,268,4.677482911,47.63045026,-122.3989688,1.83E-06,2.805454309,1.226282466,3.440279429
14:29:26,10/6/2022,0:47:43,-5.39496,274,79,47.6304855,-122.3989257,10,54.95,47.75,0.991111111,100,2.052523089,355,5.916666667,47.63047752,-122.3989434,0.044435207,274,4.782202678,47.6304503,-122.3989694,5.92E-07,2.778973064,1.21470734,3.375638978
14:29:27,10/6/2022,0:47:44,-5.39496,272,79,47.6304855,-122.3989257,10,54.95,47.76666667,0.986555556,100,0,356,5.933333333,47.63047781,-122.3989438,0.044618719,272,4.747296089,47.63045033,-122.3989703,8.44E-07,2.766199757,1.209124044,3.344678637
14:29:28,10/6/2022,0:47:45,-5.39496,272,79,47.6304855,-122.3989257,10,54.95,47.78333333,0.9912,100,0,357,5.95,47.63047809,-122.3989442,0.045484389,272,4.747296089,47.63045036,-122.3989711,8.16E-07,2.779222299,1.214816282,3.376244501
14:29:29,10/6/2022,0:47:46,-5.36448,273,79,47.6304855,-122.3989257,10,54.95,47.8,1.004555556,100,0,358,5.966666667,47.63047835,-122.3989447,0.047244074,273,4.764749383,47.63045046,-122.3989729,1.81E-06,2.816669896,1.231184872,3.467841366
14:29:30,10/6/2022,0:47:47,-5.39496,273,79,47.6304817,-122.3989562,10,54.95,47.81666667,1.016333333,100,2.330015655,359,5.983333333,47.6304786,-122.3989453,0.050148364,273,4.764749383,47.63045046,-122.3989729,0,2.849693567,1.245619735,3.549634546
14:29:31,10/6/2022,0:47:48,-5.42544,273,79,47.6304817,-122.3989562,10,54.95,47.83333333,1.011222222,100,0,360,6,47.63047882,-122.3989459,0.054446174,273,4.764749383,47.63045061,-122.3989758,2.89E-06,2.83536254,1.23935555,3.514022298
14:29:32,10/6/2022,0:47:49,-5.39496,273,79,47.6304817,-122.3989562,10,54.95,47.85,0.994333333,100,0,361,6.016666667,47.63047902,-122.3989467,0.060345573,273,4.764749383,47.63045067,-122.3989769,1.15E-06,2.788007842,1.218656501,3.39762388
14:29:33,10/6/2022,0:47:50,-5.36448,272,79,47.6304817,-122.3989562,10,54.95,47.86666667,0.989555556,100,0,362,6.033333333,47.63047919,-122.3989475,0.067993327,272,4.747296089,47.63045071,-122.3989782,1.24E-06,2.774611447,1.212800849,3.365051118
14:29:34,10/6/2022,0:47:51,-5.36448,273,79,47.6304817,-122.3989562,10,54.99,47.88333333,0.999111111,100,0,363,6.05,47.63047932,-122.3989486,0.07747792,273,4.764749383,47.63045081,-122.3989801,1.91E-06,2.801404236,1.224512153,3.430353532
14:29:35,10/6/2022,0:47:52,-5.39496,273,79,47.6304817,-122.3989562,10,54.95,47.9,0.997444444,100,0,364,6.066666667,47.63047942,-122.3989497,0.088846865,273,4.764749383,47.63045097,-122.3989831,2.99E-06,2.796731075,1.222469483,3.418918393
14:29:36,10/6/2022,0:47:53,-5.39496,270,79,47.6304893,-122.3989562,10,54.95,47.91666667,0.987666667,100,0.844674965,365,6.083333333,47.63047948,-122.3989511,0.102126024,270,4.7123895,47.63045097,-122.3989865,3.40E-06,2.769315198,1.210485824,3.352216788
14:29:37,10/6/2022,0:47:54,-5.39496,273,79,47.6304893,-122.3989562,10,54.99,47.93333333,0.9746,100,0,366,6.1,47.6304795,-122.3989526,0.117333942,273,4.764749383,47.63045109,-122.3989888,2.36E-06,2.732677616,1.194471296,3.264104974
14:29:38,10/6/2022,0:47:55,-5.39496,273,79,47.6304893,-122.3989562,10,54.95,47.95,0.975666667,100,0,367,6.116666667,47.63047947,-122.3989544,0.134489976,273,4.764749383,47.63045117,-122.3989904,1.54E-06,2.735668439,1.195778605,3.271253788
14:29:39,10/6/2022,0:47:56,-5.39496,273,79,47.6304893,-122.3989562,10,54.95,47.96666667,0.983888889,100,0,368,6.133333333,47.63047938,-122.3989565,0.15361809,273,4.764749383,47.63045125,-122.3989918,1.42E-06,2.758722699,1.205855773,3.326621694
14:29:40,10/6/2022,0:47:57,-5.39496,273,79,47.6304893,-122.3989562,10,54.95,47.98333333,0.992888889,100,0,369,6.15,47.63047924,-122.3989588,0.174747702,273,4.764749383,47.6304513,-122.3989928,1.01E-06,2.783957769,1.216886187,3.387759755
14:29:41,10/6/2022,0:47:58,-5.39496,273,79,47.6304893,-122.3989562,10,54.99,48,0.995333333,100,0,370,6.166666667,47.63047904,-122.3989614,0.197913613,273,4.764749383,47.63045134,-122.3989935,7.25E-07,2.790811738,1.219882102,3.40446129
14:29:42,10/6/2022,0:47:59,-5.39496,273,79,47.6304893,-122.3989562,10,54.95,48.01666667,0.989555556,100,0,371,6.183333333,47.63047877,-122.3989644,0.223155185,273,4.764749383,47.63045136,-122.3989939,3.72E-07,2.774611447,1.212800849,3.365051118
14:29:43,10/6/2022,0:48:00,-5.39496,273,79,47.6304893,-122.3989562,10,54.99,48.03333333,0.982777778,100,0,372,6.2,47.63047843,-122.3989677,0.25051554,273,4.764749383,47.63045136,-122.3989939,0,2.755607259,1.204493994,3.319112392
14:29:44,10/6/2022,0:48:01,-5.36448,272,79,47.6304893,-122.3989562,10,54.99,48.05,0.988111111,100,0,373,6.216666667,47.63047801,-122.3989713,0.280040838,272,4.747296089,47.63045143,-122.3989959,2.00E-06,2.770561374,1.211030535,3.355234424
14:29:45,10/6/2022,0:48:02,-5.36448,273,79,47.6304893,-122.3989562,10,54.99,48.06666667,1.003666667,100,0,374,6.233333333,47.63047752,-122.3989754,0.311779603,273,4.764749383,47.63045151,-122.3989975,1.64E-06,2.814177543,1.230095449,3.461706988
14:29:46,10/6/2022,0:48:03,-5.39496,273,79,47.630474,-122.3989944,10,54.99,48.08333333,1.004888889,100,3.335859323,375,6.25,47.63047693,-122.3989799,0.34578221,273,4.764749383,47.63045161,-122.3989994,1.90E-06,2.817604528,1.231593406,3.470143158
14:29:47,10/6/2022,0:48:04,-5.39496,273,79,47.6304702,-122.3989944,10,54.99,48.1,0.996666667,100,0.422337481,376,6.266666667,47.63047626,-122.3989849,0.382100515,273,4.764749383,47.63045163,-122.3989997,2.50E-07,2.794550267,1.221516238,3.413588528
14:29:48,10/6/2022,0:48:05,-5.39496,272,79,47.6304664,-122.399002,10,54.95,48.11666667,0.9902,100,0.710199637,377,6.283333333,47.63047549,-122.3989904,0.420787485,272,4.747296089,47.63045164,-122.399,3.28E-07,2.776418402,1.213590681,3.369435499
14:29:49,10/6/2022,0:48:06,-5.36448,271,79,47.6304664,-122.399002,10,54.99,48.13333333,0.986777778,100,0,378,6.3,47.63047461,-122.3989964,0.461897026,271,4.729842794,47.6304517,-122.3990034,3.39E-06,2.766822845,1.2093964,3.346185588
14:29:50,10/6/2022,0:48:07,-5.39496,273,79,47.6304664,-122.399002,10,54.99,48.15,0.988777778,100,0,379,6.316666667,47.63047363,-122.399003,0.505483691,273,4.764749383,47.63045173,-122.399004,6.43E-07,2.772430638,1.211847603,3.359763424
14:29:51,10/6/2022,0:48:08,-5.39496,262,79,47.6304512,-122.3990097,10,54.99,48.16666667,0.989777778,100,1.785652153,380,6.333333333,47.63047253,-122.3990101,0.551602655,262,4.572763144,47.63045152,-122.3990055,1.50E-06,2.775234535,1.213073205,3.366562651
