program,flight,date,transect,source,start,end,transect_s,surftrak_s,surftrak_pct,scored_s,dropout_s,target_logged_pct,median_alt,median_target,mae,within_010,within_020
HSIL,2024_10_08_diver-ROV_Centennial_Park,2024-10-08,T1,logs\transects\transects\CNL_S24_T1.csv,1728407261,1728409207,626,555,88.7,554,1,100.0,0.663,0.689,0.039,89.7,98.9
HSIL,2024_10_08_diver-ROV_Centennial_Park,2024-10-08,T2,logs\transects\transects\CNL_S24_T2.csv,1728407678,1728408904,640,619,96.7,619,0,100.0,0.66,0.646,0.057,80.5,90.8
HSIL,2024_10_08_diver-ROV_Centennial_Park,2024-10-08,T3,logs\transects\transects\CNL_S24_T3.csv,1728408108,1728408579,472,472,100.0,472,0,100.0,0.65,0.646,0.028,97.0,100.0
HSIL,2024_10_08_diver-ROV_Centennial_Park,2024-10-08,T4,logs\transects\transects\CNL_S24_T4.csv,1728412352,1728414496,543,543,100.0,543,0,100.0,0.675,0.689,0.023,99.4,100.0
HSIL,2024_10_08_diver-ROV_Centennial_Park,2024-10-08,T5,logs\transects\transects\CNL_S24_T5.csv,1728412704,1728414187,668,668,100.0,668,0,100.0,0.677,0.689,0.029,99.3,100.0
HSIL,2024_10_08_diver-ROV_Centennial_Park,2024-10-08,T6,logs\transects\transects\CNL_S24_T6.csv,1728413100,1728413833,734,734,100.0,734,0,100.0,0.673,0.689,0.034,95.1,100.0
HSIL,2024_10_09_diver-ROV_EBM,2024-10-09,T1,logs\transects\transects\EBM_S24_T1.csv,1728493922,1728494255,334,277,82.9,277,0,100.0,0.707,0.739,0.075,72.9,94.9
HSIL,2024_10_09_diver-ROV_EBM,2024-10-09,T2,logs\transects\transects\EBM_S24_T2.csv,1728494258,1728494589,332,211,63.6,211,0,100.0,0.732,0.739,0.111,47.9,89.1
HSIL,2024_10_09_diver-ROV_EBM,2024-10-09,T3,logs\transects\transects\EBM_S24_T3.csv,1728494613,1728495201,589,589,100.0,589,0,100.0,0.722,0.718,0.084,68.3,94.7
HSIL,2024_10_09_diver-ROV_EBM,2024-10-09,T4,logs\transects\transects\EBM_S24_T4.csv,1728498984,1728500999,537,0,0.0,0,0,,,,,,
HSIL,2024_10_09_diver-ROV_EBM,2024-10-09,T5,logs\transects\transects\EBM_S24_T5.csv,1728499342,1728501258,522,0,0.0,0,0,,,,,,
HSIL,2024_10_09_diver-ROV_EBM,2024-10-09,T6,logs\transects\transects\EBM_S24_T6.csv,1728499699,1728501822,527,0,0.0,0,0,,,,,,
HSIL,2024_10_10_Jefferson_Head,2024-10-10,T1,logs\transects\2024_10_10_JeffersonHead_T1.csv,1728587371,1728587960,590,585,99.2,585,0,100.0,0.763,0.793,0.075,70.9,96.4
HSIL,2024_10_10_Jefferson_Head,2024-10-10,T2,logs\transects\2024_10_10_JeffersonHead_T2.csv,1728588699,1728589368,670,603,90.0,603,0,100.0,0.827,0.804,0.033,97.7,100.0
HSIL,2024_10_10_Jefferson_Head,2024-10-10,T3,logs\transects\2024_10_10_JeffersonHead_T3.csv,1728589432,1728590015,584,506,86.6,506,0,100.0,0.683,0.676,0.025,96.0,97.6
HSIL,2024_10_10_Jefferson_Head,2024-10-10,T4,logs\transects\2024_10_10_JeffersonHead_T4.csv,1728590081,1728590580,500,468,93.6,468,0,100.0,0.787,0.726,0.059,91.9,100.0
HSIL,2024_12_03_Shaw_Island,2024-12-03,T1,logs\transects\2024_12_03_ShawIsland_T1.csv,1733252797,1733254070,1274,1246,97.8,1246,0,100.0,0.747,0.778,0.045,92.6,99.4
HSIL,2024_12_03_Shaw_Island,2024-12-03,T2,logs\transects\2024_12_03_ShawIsland_T2.csv,1733254127,1733255240,1114,1114,100.0,1114,0,100.0,0.713,0.697,0.04,92.5,99.3
HSIL,2024_12_03_Shaw_Island,2024-12-03,T3,logs\transects\2024_12_03_T3.csv,1733257303,1733258418,1116,1116,100.0,1116,0,100.0,0.66,0.663,0.027,98.1,100.0
HSIL,2024_12_03_Shaw_Island,2024-12-03,T4,logs\transects\2024_12_03_T4.csv,1733258502,1733259602,1101,1101,100.0,1101,0,100.0,0.66,0.663,0.02,99.1,100.0
HSIL,2024_12_05_Satellite_Island,2024-12-05,T1,logs\transects\2024_12_05_T1.csv,1733422993,1733424395,1403,915,65.2,915,0,100.0,0.77,0.743,0.051,85.9,97.6
HSIL,2024_12_05_Satellite_Island,2024-12-05,T2,logs\transects\2024_12_05_T2.csv,1733424498,1733425810,1313,757,57.7,757,0,100.0,0.75,0.747,0.048,88.1,97.2
HSIL,2024_12_05_Satellite_Island,2024-12-05,T3,logs\transects\2024_12_05_T3.csv,1733428570,1733429528,959,682,71.1,682,0,100.0,0.717,0.726,0.035,94.9,100.0
HSIL,2024_12_05_Satellite_Island,2024-12-05,T4,logs\transects\2024_12_05_T4.csv,1733430118,1733431486,1369,923,67.4,923,0,100.0,0.767,0.761,0.05,88.8,97.6
HSIL,2025_01_23_Jefferson,2025-01-23,T1,logs\transects\2025_01_23_Jefferson_T1.csv,1737656040,1737656850,811,811,100.0,811,0,100.0,0.743,0.759,0.024,98.5,100.0
HSIL,2025_01_23_Jefferson,2025-01-23,T2,logs\transects\2025_01_23_Jefferson_T2.csv,1737656986,1737657919,934,934,100.0,934,0,100.0,0.747,0.733,0.015,99.9,100.0
HSIL,2025_01_23_Jefferson,2025-01-23,T3,logs\transects\2025_01_23_Jefferson_T3.csv,1737658066,1737658995,930,927,99.7,927,0,100.0,0.767,0.744,0.027,98.3,99.7
HSIL,2025_01_23_Jefferson,2025-01-23,T4,logs\transects\2025_01_23_Jefferson_T4.csv,1737659286,1737660177,891,888,99.7,888,0,100.0,0.753,0.772,0.02,100.0,100.0
HSIL,2025_01_27_Centennial,2025-01-27,T1,logs\transects\transects\CNL_W25_T1.csv,1738000940,1738003580,789,788,99.9,788,0,100.0,0.8,0.732,0.045,98.6,100.0
HSIL,2025_01_27_Centennial,2025-01-27,T2,logs\transects\transects\CNL_W25_T2.csv,1738001436,1738003166,711,711,100.0,711,0,100.0,0.803,0.78,0.047,97.7,100.0
HSIL,2025_01_27_Centennial,2025-01-27,T3,logs\transects\transects\CNL_W25_T3.csv,1738001841,1738002733,893,786,88.0,786,0,100.0,0.813,0.78,0.056,94.3,98.7
HSIL,2025_01_27_Centennial,2025-01-27,T6,logs\transects\transects\CNL_W25_T6.csv,1738005834,1738008210,678,677,99.9,677,0,100.0,0.73,0.748,0.04,96.6,100.0
HSIL,2025_01_27_Centennial,2025-01-27,T5,logs\transects\transects\CNL_W25_T5.csv,1738006290,1738007831,724,724,100.0,724,0,100.0,0.747,0.748,0.036,97.5,100.0
HSIL,2025_01_27_Centennial,2025-01-27,T4,logs\transects\transects\CNL_W25_T4.csv,1738006729,1738007425,646,644,99.7,644,0,100.0,0.73,0.759,0.032,96.7,100.0
HSIL,2025_01_28_EBM,2025-01-28,T1,logs\transects\transects\EBM_W25_T1.csv,1738087596,1738090034,728,531,72.9,531,0,99.8,0.787,0.78,0.079,71.4,93.2
HSIL,2025_01_28_EBM,2025-01-28,T2,logs\transects\transects\EBM_W25_T2.csv,1738088067,1738089611,666,666,100.0,666,0,100.0,0.773,0.752,0.076,74.0,95.3
HSIL,2025_01_28_EBM,2025-01-28,T3,logs\transects\transects\EBM_W25_T3.csv,1738088490,1738089235,746,630,84.5,630,0,100.0,0.753,0.754,0.067,75.1,97.3
HSIL,2025_01_28_EBM,2025-01-28,T4,logs\transects\transects\EBM_W25_T4.csv,1738092043,1738094737,786,0,0.0,0,0,,,,,,
HSIL,2025_01_28_EBM,2025-01-28,T5,logs\transects\transects\EBM_W25_T5.csv,1738092481,1738094238,687,0,0.0,0,0,,,,,,
HSIL,2025_01_28_EBM,2025-01-28,T6,logs\transects\transects\EBM_W25_T6.csv,1738092851,1738093749,899,0,0.0,0,0,,,,,,
HSIL,2025_08_28_EBM,2025-08-28,T1,logs\transects\2025_08_28_T1.csv,1756399454,1756400435,982,0,0.0,0,0,,,,,,
HSIL,2025_08_28_EBM,2025-08-28,T2,logs\transects\2025_08_28_T2.csv,1756400484,1756401545,1062,0,0.0,0,0,,,,,,
HSIL,2025_08_28_EBM,2025-08-28,T3,logs\transects\2025_08_28_T3.csv,1756406045,1756407131,1087,0,0.0,0,0,,,,,,
HSIL,2025_08_28_EBM,2025-08-28,T4,logs\transects\2025_08_28_T4.csv,1756407325,1756409284,1960,0,0.0,0,0,,,,,,
HSIL,2025_08_29_CentennialPark,2025-08-29,T1,logs\transects\2025_08_29_T1.csv,1756485343,1756486185,843,843,100.0,843,0,100.0,0.83,0.8,0.032,100.0,100.0
HSIL,2025_08_29_CentennialPark,2025-08-29,T2,logs\transects\2025_08_29_T2.csv,1756486476,1756487353,878,878,100.0,878,0,100.0,0.79,0.8,0.019,99.2,100.0
HSIL,2025_08_29_CentennialPark,2025-08-29,T3,logs\transects\2025_08_29_T3.csv,1756490870,1756491975,1106,1074,97.1,1074,0,100.0,0.763,0.8,0.098,58.8,89.5
HSIL,2025_08_29_CentennialPark,2025-08-29,T4,logs\transects\2025_08_29_T4.csv,1756492076,1756493186,1111,1023,92.1,1023,0,100.0,0.787,0.8,0.112,58.3,85.9
HSIL,2025_09_26_Satellite_Island,2025-09-26,T1,logs\Lutris_ardupilot_logs_pt1\transects\2025_09_26_satellite_island_T1.csv,1758909025,1758910257,1233,974,79.0,974,0,100.0,0.91,0.9,0.11,76.2,93.7
HSIL,2025_09_26_Satellite_Island,2025-09-26,T2,logs\Nereo_ardupilot_logs\logs\transects\2025_09_26_Satellite_shallow_T2.csv,1758921383,1758922456,1074,519,48.3,518,1,100.0,0.843,0.837,0.078,75.1,93.8
HSIL,2025_09_26_Satellite_Island,2025-09-26,T1,logs\Nereo_ardupilot_logs\logs\transects\2025_09_26_Satellite_shallow_T1.csv,1758922518,1758922945,427,228,53.4,228,0,100.0,0.757,0.816,0.091,59.6,95.6
Port_of_Seattle,2024_09_10_S1,2024-09-10,T1,logs\transects\2024_09_10_S1_T1.csv,1725994713,1725995257,545,545,100.0,545,0,100.0,0.69,0.691,0.023,99.1,100.0
Port_of_Seattle,2024_09_10_S1,2024-09-10,T2,logs\transects\2024_09_10_S1_T2.csv,1725995713,1725996285,573,573,100.0,573,0,100.0,0.702,0.706,0.015,100.0,100.0
Port_of_Seattle,2024_09_10_S1,2024-09-10,T3,logs\transects\2024_09_10_S1_T3.csv,1725996881,1725997430,550,508,92.4,508,0,100.0,0.727,0.73,0.023,98.6,100.0
Port_of_Seattle,2024_09_10_S1,2024-09-10,T4,logs\transects\2024_09_10_S1_T4.csv,1725998773,1725999317,545,545,100.0,545,0,100.0,0.69,0.69,0.018,100.0,100.0
Port_of_Seattle,2024_09_11_S6,2024-09-11,T1,logs\transects\2024_09_11_S6_T1.csv,1726085505,1726086053,549,549,100.0,549,0,100.0,0.702,0.702,0.019,100.0,100.0
Port_of_Seattle,2024_09_11_S6,2024-09-11,T2,logs\transects\2024_09_11_S6_T2.csv,1726086411,1726086772,362,362,100.0,362,0,100.0,0.722,0.679,0.055,89.8,100.0
Port_of_Seattle,2024_09_11_S6,2024-09-11,T3,logs\transects\2024_09_11_S6_T3.csv,1726087055,1726087631,577,577,100.0,577,0,100.0,0.64,0.696,0.057,98.4,100.0
Port_of_Seattle,2024_09_11_S6,2024-09-11,T4,logs\transects\2024_09_11_S6_T4.csv,1726088157,1726088619,463,463,100.0,463,0,100.0,0.675,0.672,0.038,93.3,99.1
Port_of_Seattle,2024_09_23_S3,2024-09-23,T1,logs\transects\2024_09_23_S3_T1.csv,1727113370,1727113869,500,498,99.6,498,0,100.0,0.723,0.694,0.036,97.2,100.0
Port_of_Seattle,2024_09_23_S3,2024-09-23,T2,logs\transects\2024_09_23_S3_T2.csv,1727113989,1727114581,593,593,100.0,589,4,100.0,0.717,0.718,0.076,79.3,92.5
Port_of_Seattle,2024_09_23_S3,2024-09-23,T3,logs\transects\2024_09_23_S3_T3.csv,1727114823,1727115125,303,2,0.7,2,0,100.0,1.098,1.183,0.085,50.0,100.0
Port_of_Seattle,2024_09_23_S3,2024-09-23,T4,logs\transects\2024_09_23_S3_T4.csv,1727115753,1727116445,693,10,1.4,10,0,100.0,1.432,1.172,0.243,0.0,30.0
Port_of_Seattle,2024_09_25_S8,2024-09-25,T1,logs\transects\2024_09_25_S8_T1.csv,1727288194,1727288777,584,584,100.0,584,0,100.0,0.807,0.688,0.12,32.9,92.8
Port_of_Seattle,2024_09_25_S8,2024-09-25,T2,logs\transects\2024_09_25_S8_T2.csv,1727289002,1727289286,285,271,95.1,271,0,100.0,0.697,0.696,0.098,62.7,88.6
Port_of_Seattle,2024_09_25_S8,2024-09-25,T3,logs\transects\2024_09_25_S8_T3.csv,1727289870,1727290337,468,468,100.0,468,0,100.0,0.767,0.729,0.062,82.7,97.4
Port_of_Seattle,2024_09_25_S8,2024-09-25,T4,logs\transects\2024_09_25_S8_T4.csv,1727290858,1727291447,590,590,100.0,590,0,100.0,0.737,0.732,0.039,94.4,100.0
Port_of_Seattle,2024_09_26_S4,2024-09-26,T1,logs\transects\2024_09_26_S4_T1.csv,1727380869,1727381519,651,651,100.0,651,0,100.0,0.77,0.735,0.107,73.4,81.3
Port_of_Seattle,2024_09_26_S4,2024-09-26,T2,logs\transects\2024_09_26_S4_T2.csv,1727382021,1727382600,580,580,100.0,580,0,100.0,0.683,0.683,0.064,78.3,97.9
Port_of_Seattle,2024_09_26_S4,2024-09-26,T3,logs\transects\2024_09_26_S4_T3.csv,1727383298,1727383900,603,603,100.0,603,0,100.0,0.93,1.049,0.146,36.5,72.6
Port_of_Seattle,2024_09_26_S4,2024-09-26,T4,logs\transects\2024_09_26_S4_T4.csv,1727384415,1727385014,600,445,74.2,445,0,100.0,0.957,0.943,0.189,45.2,66.3
Port_of_Seattle,2024_10_07_S5,2024-10-07,T1,logs\transects\2024_10_07_S5_T1.csv,1728324869,1728325460,592,569,96.1,569,0,100.0,0.69,0.678,0.034,94.9,99.1
Port_of_Seattle,2024_10_07_S5,2024-10-07,T2,logs\transects\2024_10_07_S5_T2.csv,1728325666,1728326265,600,588,98.0,588,0,100.0,0.757,0.654,0.107,46.3,91.3
Port_of_Seattle,2024_10_07_S5,2024-10-07,T3,logs\transects\2024_10_07_S5_T3.csv,1728326400,1728326940,541,479,88.5,479,0,100.0,0.667,0.669,0.041,91.0,98.1
Port_of_Seattle,2024_10_07_S5,2024-10-07,T4,logs\transects\2024_10_07_S5_T4.csv,1728327102,1728327690,589,572,97.1,572,0,100.0,0.71,0.701,0.051,88.3,98.3
Port_of_Seattle,2024_10_07_S7,2024-10-07,T1,logs\transects\2024_10_07_S7_T1.csv,1728319458,1728320068,611,611,100.0,611,0,100.0,0.683,0.681,0.018,100.0,100.0
Port_of_Seattle,2024_10_07_S7,2024-10-07,T2,logs\transects\2024_10_07_S7_T2.csv,1728320249,1728320866,618,617,99.8,617,0,100.0,0.66,0.691,0.046,92.5,100.0
Port_of_Seattle,2024_10_07_S7,2024-10-07,T3,logs\transects\2024_10_07_S7_T3.csv,1728320972,1728321613,642,642,100.0,642,0,100.0,0.69,0.688,0.037,96.1,99.8
Port_of_Seattle,2024_10_07_S7,2024-10-07,T4,logs\transects\2024_10_07_S7_T4.csv,1728321899,1728322362,464,464,100.0,464,0,100.0,0.7,0.689,0.02,100.0,100.0
Port_of_Seattle,2024_10_11_S2,2024-10-11,T1,logs\transects\2024_10_11_S2_T1.csv,1728677369,1728677967,599,572,95.5,572,0,100.0,0.72,0.666,0.057,91.3,98.8
Port_of_Seattle,2024_10_11_S2,2024-10-11,T2,logs\transects\2024_10_11_S2_T2.csv,1728678037,1728678608,572,487,85.1,487,0,100.0,0.79,0.839,0.068,77.6,96.5
Port_of_Seattle,2024_10_11_S2,2024-10-11,T3,logs\transects\2024_10_11_S2_T3.csv,1728678822,1728679320,499,404,81.0,403,1,100.0,0.765,0.789,0.124,55.1,80.9
Port_of_Seattle,2024_10_11_S2,2024-10-11,T4,logs\transects\2024_10_11_S2_T4.csv,1728679828,1728680427,600,180,30.0,180,0,100.0,0.786,0.807,0.107,56.7,88.3
Port_of_Seattle,2025_01_06_S6,2025-01-06,T1,logs\transects\2025_01_06_S6_T1.csv,1736198305,1736198940,636,635,99.8,635,0,100.0,0.755,0.758,0.019,99.2,100.0
Port_of_Seattle,2025_01_06_S6,2025-01-06,T2,logs\transects\2025_01_06_S6_T2.csv,1736199070,1736199695,626,625,99.8,625,0,100.0,0.785,0.758,0.051,88.2,99.2
Port_of_Seattle,2025_01_06_S6,2025-01-06,T3,logs\transects\2025_01_06_S6_T3.csv,1736199810,1736200454,645,645,100.0,645,0,100.0,0.75,0.77,0.031,96.7,99.8
Port_of_Seattle,2025_01_06_S6,2025-01-06,T4,logs\transects\2025_01_06_S6_T4.csv,1736200588,1736201203,616,616,100.0,616,0,100.0,0.797,0.757,0.045,96.1,100.0
Port_of_Seattle,2025_01_08_S1,2025-01-08,T1,logs\transects\2025_01_08_S1_T1.csv,1736358306,1736358908,603,601,99.7,601,0,100.0,0.733,0.778,0.046,99.2,100.0
Port_of_Seattle,2025_01_08_S1,2025-01-08,T2,logs\transects\2025_01_08_S1_T2.csv,1736358975,1736359562,588,584,99.3,584,0,100.0,0.79,0.754,0.036,99.1,100.0
Port_of_Seattle,2025_01_08_S1,2025-01-08,T3,logs\transects\2025_01_08_S1_T3.csv,1736359769,1736360440,570,569,99.8,569,0,100.0,0.767,0.735,0.035,99.3,100.0
Port_of_Seattle,2025_01_08_S1,2025-01-08,T4,logs\transects\2025_01_08_S1_T4.csv,1736360666,1736361270,605,605,100.0,605,0,100.0,0.713,0.776,0.063,96.9,99.8
Port_of_Seattle,2025_01_08_S2,2025-01-08,T1,logs\transects\2025_01_08_S2_T1.csv,1736364483,1736365088,606,591,97.5,590,1,100.0,0.81,0.8,0.053,85.9,99.0
Port_of_Seattle,2025_01_08_S2,2025-01-08,T2,logs\transects\2025_01_08_S2_T2.csv,1736365174,1736365780,607,103,17.0,103,0,100.0,0.673,0.746,0.141,55.3,85.4
Port_of_Seattle,2025_01_08_S2,2025-01-08,T3,logs\transects\2025_01_08_S2_T3.csv,1736366282,1736366908,627,0,0.0,0,0,,,,,,
Port_of_Seattle,2025_01_08_S2,2025-01-08,T4,logs\transects\2025_01_08_S2_T4.csv,1736367010,1736367645,636,0,0.0,0,0,,,,,,
Port_of_Seattle,2025_01_13_S3,2025-01-13,T1,logs\transects\2025_01_13_S3_T1.csv,1736790057,1736790658,602,586,97.3,586,0,100.0,0.69,0.754,0.073,83.1,98.6
Port_of_Seattle,2025_01_13_S3,2025-01-13,T2,logs\transects\2025_01_13_S3_T2.csv,1736790805,1736791357,553,514,92.9,514,0,100.0,0.792,0.789,0.099,62.5,85.8
Port_of_Seattle,2025_01_13_S3,2025-01-13,T3,logs\transects\2025_01_13_S3_T3.csv,1736791521,1736792130,610,374,61.3,374,0,100.0,0.75,0.763,0.067,78.9,96.0
Port_of_Seattle,2025_01_13_S3,2025-01-13,T4,logs\transects\2025_01_13_S3_T4.csv,1736792267,1736792921,655,0,0.0,0,0,,,,,,
Port_of_Seattle,2025_01_13_S4,2025-01-13,T1,logs\transects\2025_01_13_S4_T1.csv,1736795686,1736796290,605,599,99.0,599,0,100.0,0.737,0.773,0.088,72.6,88.3
Port_of_Seattle,2025_01_13_S4,2025-01-13,T2,logs\transects\2025_01_13_S4_T2.csv,1736796427,1736797020,594,594,100.0,594,0,100.0,0.66,0.759,0.105,51.2,92.6
Port_of_Seattle,2025_01_13_S4,2025-01-13,T3,logs\transects\2025_01_13_S4_T3.csv,1736797154,1736797836,591,182,30.8,181,1,100.0,0.713,0.725,0.102,64.6,83.4
Port_of_Seattle,2025_01_13_S4,2025-01-13,T4,logs\transects\2025_01_13_S4_T4.csv,1736797936,1736798538,603,0,0.0,0,0,,,,,,
Port_of_Seattle,2025_01_21_S8,2025-01-21,T1,logs\transects\2025_01_21_S8_T1.csv,1737479825,1737480441,617,615,99.7,615,0,100.0,0.77,0.797,0.044,94.6,100.0
Port_of_Seattle,2025_01_21_S8,2025-01-21,T2,logs\transects\2025_01_21_S8_T2.csv,1737480543,1737481164,622,611,98.2,611,0,100.0,0.737,0.73,0.073,76.6,92.6
Port_of_Seattle,2025_01_21_S8,2025-01-21,T3,logs\transects\2025_01_21_S8_T3.csv,1737481262,1737481731,470,470,100.0,470,0,100.0,0.773,0.75,0.039,93.6,99.8
Port_of_Seattle,2025_01_21_S8,2025-01-21,T4,logs\transects\2025_01_21_S8_T4.csv,1737481948,1737482261,314,295,93.9,295,0,100.0,0.78,0.705,0.074,75.9,97.3
Port_of_Seattle,2025_01_22_S5,2025-01-22,T1,logs\transects\2025_01_22_S5_T1.csv,1737570896,1737571487,592,592,100.0,591,1,100.0,0.743,0.728,0.04,91.5,99.7
Port_of_Seattle,2025_01_22_S5,2025-01-22,T2,logs\transects\2025_01_22_S5_T2.csv,1737571706,1737572321,616,616,100.0,616,0,100.0,0.725,0.792,0.073,80.8,98.2
Port_of_Seattle,2025_01_22_S5,2025-01-22,T3,logs\transects\2025_01_22_S5_T3.csv,1737572441,1737573046,606,474,78.2,474,0,100.0,0.773,0.769,0.045,89.7,99.4
Port_of_Seattle,2025_01_22_S5,2025-01-22,T4,logs\transects\2025_01_22_S5_T4.csv,1737573132,1737573736,605,522,86.3,522,0,100.0,0.76,0.766,0.052,85.8,95.8
Port_of_Seattle,2025_01_22_S7,2025-01-22,T1,logs\transects\2025_01_22_S7_T1.csv,1737566376,1737566976,601,600,99.8,600,0,100.0,0.753,0.757,0.02,97.5,100.0
Port_of_Seattle,2025_01_22_S7,2025-01-22,T2,logs\transects\2025_01_22_S7_T2.csv,1737567228,1737567834,607,607,100.0,607,0,100.0,0.707,0.757,0.056,90.6,100.0
Port_of_Seattle,2025_01_22_S7,2025-01-22,T3,logs\transects\2025_01_22_S7_T3.csv,1737567939,1737568543,605,605,100.0,604,1,100.0,0.753,0.785,0.045,91.9,99.3
Port_of_Seattle,2025_01_22_S7,2025-01-22,T4,logs\transects\2025_01_22_S7_T4.csv,1737568688,1737569307,620,619,99.8,619,0,100.0,0.76,0.717,0.046,95.6,100.0
Port_of_Seattle,2025_08_13_SirensSpring,2025-08-13,T1,logs\transects\2025_08_13_SirensSpring_T1.csv,1755112696,1755113520,825,825,100.0,825,0,100.0,0.8,0.8,0.042,86.7,97.5
Port_of_Seattle,2025_08_13_SirensSpring,2025-08-13,T2,logs\transects\2025_08_13_SirensSpring_T2.csv,1755114475,1755115038,564,564,100.0,563,1,100.0,0.783,0.8,0.051,88.3,95.4
Port_of_Seattle,2025_08_13_SirensSpring,2025-08-13,T3,logs\transects\2025_08_13_SirensSpring_T3.csv,1755116769,1755117505,737,736,99.9,736,0,100.0,0.72,0.8,0.089,70.5,99.2
Port_of_Seattle,2025_08_13_SirensSpring,2025-08-13,T4,logs\transects\2025_08_13_SirensSpring_T4.csv,1755117506,1755118708,1203,943,78.4,943,0,100.0,0.743,0.8,0.094,61.2,89.4
Port_of_Seattle,2025_08_13_SirensSpring,2025-08-13,T5,logs\transects\2025_08_13_SirensSpring_T5.csv,1755119090,1755119870,781,781,100.0,781,0,100.0,0.757,0.8,0.053,92.4,99.9
Port_of_Seattle,2025_08_14_PocketBeach,2025-08-14,T1,transects\PKB_S25_T1.csv,1755187868,1755188492,625,625,100.0,625,0,100.0,0.76,0.8,0.046,94.9,99.5
Port_of_Seattle,2025_08_14_PocketBeach,2025-08-14,T2,transects\PKB_S25_T2.csv,1755188855,1755189554,700,700,100.0,700,0,100.0,0.837,0.8,0.076,73.3,92.9
Port_of_Seattle,2025_08_14_PocketBeach,2025-08-14,T3,transects\PKB_S25_T3.csv,1755189826,1755190548,723,723,100.0,723,0,100.0,0.82,0.8,0.045,92.3,96.5
Port_of_Seattle,2025_08_14_PocketBeach,2025-08-14,T4,transects\PKB_S25_T4.csv,1755192952,1755193544,593,593,100.0,593,0,100.0,0.82,0.8,0.031,96.0,98.5
Port_of_Seattle,2025_08_14_PocketBeach,2025-08-14,T5,transects\PKB_S25_T5.csv,1755194073,1755194759,687,687,100.0,687,0,100.0,0.73,0.9,0.171,9.5,79.0
Port_of_Seattle,2025_08_14_PocketBeach,2025-08-14,T6,transects\PKB_S25_T6.csv,1755195035,1755196098,1064,1064,100.0,1064,0,100.0,0.763,0.8,0.064,83.8,97.5
Port_of_Seattle,2025_09_02_Fish_Pens,2025-09-02,T1,logs\transects\2025_09_02_FishPens_T1.csv,1756830150,1756830903,754,754,100.0,754,0,100.0,0.783,0.8,0.087,70.4,83.3
Port_of_Seattle,2025_09_02_Fish_Pens,2025-09-02,T2,logs\transects\2025_09_02_FishPens_T2.csv,1756831381,1756832016,636,636,100.0,636,0,100.0,0.785,0.8,0.098,61.0,86.9
Port_of_Seattle,2025_09_02_Fish_Pens,2025-09-02,T3,logs\transects\2025_09_02_FishPens_T3.csv,1756832366,1756832941,576,539,93.6,539,0,100.0,0.793,0.8,0.039,91.7,99.4
Port_of_Seattle,2025_09_02_Fish_Pens,2025-09-02,T4,logs\transects\2025_09_02_FishPens_T4.csv,1756835552,1756836446,895,727,81.2,723,4,100.0,0.783,0.8,0.072,81.3,92.5
Port_of_Seattle,2025_09_02_Fish_Pens,2025-09-02,T5,logs\transects\2025_09_02_FishPens_T5.csv,1756837119,1756837922,804,804,100.0,804,0,100.0,0.797,0.8,0.061,76.9,95.6
Port_of_Seattle,2025_09_02_Fish_Pens,2025-09-02,T6,logs\transects\2025_09_02_FishPens_T6.csv,1756838658,1756839333,676,676,100.0,675,1,100.0,0.77,0.8,0.052,86.5,99.7
Port_of_Seattle,2025_09_10_Grain_Elevator_N,2025-09-10,T1,logs\transects\2025_09_10_GrainElevator_N_T1.csv,1757521430,1757522089,660,660,100.0,660,0,100.0,0.81,0.8,0.037,91.4,99.5
Port_of_Seattle,2025_09_10_Grain_Elevator_N,2025-09-10,T2,logs\transects\2025_09_10_GrainElevator_N_T2.csv,1757522486,1757522908,423,423,100.0,423,0,100.0,0.787,0.8,0.063,74.5,99.3
Port_of_Seattle,2025_09_10_Grain_Elevator_N,2025-09-10,T3,logs\transects\2025_09_10_GrainElevator_N_T3.csv,1757523211,1757523619,409,409,100.0,409,0,100.0,0.75,0.8,0.067,81.2,98.0
Port_of_Seattle,2025_10_08_Fishing_Pier,2025-10-08,T1,logs\transects\2025_10_08_FishingPier_T1.csv,1759944161,1759944666,506,393,77.7,393,0,100.0,0.767,1.0,0.259,1.8,9.9
Port_of_Seattle,2025_10_08_Fishing_Pier,2025-10-08,T2,logs\transects\2025_10_08_FishingPier_T2.csv,1759946883,1759947372,490,490,100.0,490,0,100.0,0.865,0.9,0.058,80.2,97.6
Port_of_Seattle,2025_10_08_Fishing_Pier,2025-10-08,T3,logs\transects\2025_10_08_FishingPier_T3.csv,1759947819,1759948443,625,625,100.0,625,0,100.0,0.81,0.9,0.088,65.1,97.4
