program,flight,date,transects,surftrak_min,median_alt,mae,within_010,within_020
HSIL,2024_10_08_diver-ROV_Centennial_Park,2024-10-08,6,59.833,0.668,0.035,93.5,98.283
HSIL,2024_10_09_diver-ROV_EBM,2024-10-09,3,17.95,0.722,0.09,63.033,92.9
HSIL,2024_10_10_Jefferson_Head,2024-10-10,4,36.033,0.775,0.048,89.125,98.5
HSIL,2024_12_03_Shaw_Island,2024-12-03,4,76.283,0.686,0.033,95.575,99.675
HSIL,2024_12_05_Satellite_Island,2024-12-05,4,54.617,0.758,0.046,89.425,98.1
HSIL,2025_01_23_Jefferson,2025-01-23,4,59.333,0.75,0.022,99.175,99.925
HSIL,2025_01_27_Centennial,2025-01-27,6,72.167,0.774,0.043,96.9,99.783
HSIL,2025_01_28_EBM,2025-01-28,3,30.45,0.773,0.074,73.5,95.267
HSIL,2025_08_29_CentennialPark,2025-08-29,4,63.633,0.788,0.065,79.075,93.85
HSIL,2025_09_26_Satellite_Island,2025-09-26,2,20.033,0.834,0.1,67.9,94.65
Port_of_Seattle,2024_09_10_S1,2024-09-10,4,36.183,0.696,0.02,99.425,100.0
Port_of_Seattle,2024_09_11_S6,2024-09-11,4,32.517,0.688,0.042,95.375,99.775
Port_of_Seattle,2024_09_23_S3,2024-09-23,2,18.117,0.72,0.056,88.25,96.25
Port_of_Seattle,2024_09_25_S8,2024-09-25,4,31.883,0.752,0.08,68.175,94.7
Port_of_Seattle,2024_09_26_S4,2024-09-26,4,37.983,0.85,0.126,58.35,79.525
Port_of_Seattle,2024_10_07_S5,2024-10-07,4,36.8,0.7,0.058,80.125,96.7
Port_of_Seattle,2024_10_07_S7,2024-10-07,4,38.9,0.686,0.03,97.15,99.95
Port_of_Seattle,2024_10_11_S2,2024-10-11,3,24.367,0.765,0.083,74.667,92.067
Port_of_Seattle,2025_01_06_S6,2025-01-06,4,42.017,0.77,0.036,95.05,99.75
Port_of_Seattle,2025_01_08_S1,2025-01-08,4,39.317,0.75,0.045,98.625,99.95
Port_of_Seattle,2025_01_08_S2,2025-01-08,1,9.833,0.81,0.053,85.9,99.0
Port_of_Seattle,2025_01_13_S3,2025-01-13,3,24.567,0.75,0.08,74.833,93.467
Port_of_Seattle,2025_01_13_S4,2025-01-13,2,19.883,0.698,0.096,61.9,90.45
Port_of_Seattle,2025_01_21_S8,2025-01-21,4,33.183,0.772,0.057,85.175,97.425
Port_of_Seattle,2025_01_22_S5,2025-01-22,4,36.717,0.752,0.052,86.95,98.275
Port_of_Seattle,2025_01_22_S7,2025-01-22,4,40.5,0.753,0.042,93.9,99.825
Port_of_Seattle,2025_08_13_SirensSpring,2025-08-13,5,64.133,0.757,0.066,79.82,96.28
Port_of_Seattle,2025_08_14_PocketBeach,2025-08-14,6,73.2,0.792,0.072,74.967,93.983
Port_of_Seattle,2025_09_02_Fish_Pens,2025-09-02,6,68.85,0.784,0.068,77.967,92.9
Port_of_Seattle,2025_09_10_Grain_Elevator_N,2025-09-10,3,24.867,0.787,0.056,82.367,98.933
Port_of_Seattle,2025_10_08_Fishing_Pier,2025-10-08,3,25.133,0.81,0.135,49.033,68.3
