meter_number_dvl,timestamp_dvl,cumulative_dist_dvl,increment_dvl,x_dvl,y_dvl,gps_lat,gps_lon,meter_number_ekf,timestamp_ekf,cumulative_dist_ekf,increment_ekf,lat_ekf,lon_ekf
1,2025_10_08_10-14-31,1.2170753677676838,1.2170753677676838,1.4046076536178589,8.626662254333496,47.6261379,-122.3752851,12367497,2025_10_08_10-14-31,12367497.31182708,0.895199378952384,47.6261395,-122.375291
2,2025_10_08_10-14-32,2.033690119457357,0.8166147516896731,1.8995691537857056,9.275727272033691,47.6261365,-122.3752851,12367498,2025_10_08_10-14-32,12367498.122401627,1.116741955280304,47.6261438,-122.3752823
3,2025_10_08_10-14-34,3.1807199017684034,1.1470297823110465,2.49604868888855,10.24616527557373,47.6261355,-122.3752799,12367499,2025_10_08_10-14-33,12367499.27030233,0.9282768853008747,47.6261492,-122.3752694
4,2025_10_08_10-14-36,4.051228819492982,0.8705089177245786,1.9904742240905762,10.814167022705078,47.6261335,-122.3752699,12367500,2025_10_08_10-14-36,12367500.137095941,1.0864174291491508,47.6261447,-122.3752618
5,2025_10_08_10-14-38,5.0648100612539935,1.0135812417610115,1.0798630714416504,11.07777214050293,47.6261245,-122.375264,12367501,2025_10_08_10-14-38,12367501.136546858,0.9994509164243937,47.6261366,-122.3752583
6,2025_10_08_10-14-41,6.013807446613047,0.9489973853590534,0.2525211572647095,11.162175178527832,47.6261239,-122.3752629,12367502,2025_10_08_10-14-40,12367502.092186898,0.9111668225377798,47.6261291,-122.3752572
7,2025_10_08_10-14-45,7.015929832295692,1.002122385682645,-0.3446551263332367,11.515260696411133,47.6261203,-122.3752585,12367503,2025_10_08_10-14-45,12367503.084958816,0.9590549003332853,47.6261238,-122.3752525
8,2025_10_08_10-14-49,8.043080195251257,1.027150362955565,0.404946506023407,11.90507698059082,47.6261231,-122.3752581,12367504,2025_10_08_10-14-49,12367504.108950194,1.0211527906358242,47.6261304,-122.3752473
9,2025_10_08_10-14-54,9.105307136690177,1.0622269414389205,0.6754109263420105,11.498708724975586,47.6261256,-122.3752605,12367505,2025_10_08_10-14-54,12367505.150403515,1.0165309831500053,47.6261329,-122.3752526
10,2025_10_08_10-14-57,10.178138022053128,1.0728308853629507,-0.0752134919166565,11.030762672424316,47.6261271,-122.3752623,12367506,2025_10_08_10-14-57,12367506.201702245,1.157249890267849,47.6261262,-122.3752588
11,2025_10_08_10-15-00,11.145215330262408,0.9670773082092801,-0.8884382247924805,10.592194557189941,47.6261205,-122.3752591,12367507,2025_10_08_10-14-59,12367507.169136988,0.821148470044136,47.6261189,-122.3752647
12,2025_10_08_10-15-02,12.02644096342819,0.8812256331657817,-1.741784691810608,10.638548851013184,47.6261176,-122.3752544,12367508,2025_10_08_10-15-02,12367508.054414345,1.0315636303275824,47.6261112,-122.3752641
13,2025_10_08_10-15-04,13.038795524178823,1.0123545607506337,-1.6673038005828857,11.520431518554688,47.6261201,-122.3752456,12367509,2025_10_08_10-15-04,12367509.065647094,1.0112327486276627,47.6261119,-122.3752524
14,2025_10_08_10-15-07,14.00653475680787,0.9677392326290466,-1.9749358892440796,12.355375289916992,47.6261084,-122.3752418,12367510,2025_10_08_10-15-07,12367510.039987445,0.9743403512984514,47.626109,-122.3752413
15,2025_10_08_10-15-09,15.032839135642575,1.0263043788347055,-2.781665563583374,12.744039535522461,47.6261079,-122.3752306,12367511,2025_10_08_10-15-09,12367511.056125157,1.0161377117037773,47.6261019,-122.3752361
16,2025_10_08_10-15-12,16.023736884171978,0.9908977485294024,-3.504882335662842,13.39737319946289,47.6261042,-122.3752233,12367512,2025_10_08_10-15-12,12367512.049883429,0.9937582723796368,47.6260954,-122.3752274
17,2025_10_08_10-15-15,17.121106980984255,1.097370096812277,-4.373242378234863,14.060770988464355,47.6260983,-122.375212,12367513,2025_10_08_10-15-15,12367513.149029315,0.969342889264226,47.6260876,-122.3752185
18,2025_10_08_10-15-17,18.043958467107114,0.9228514861228589,-5.125714302062988,14.593199729919434,47.6260826,-122.3752075,12367514,2025_10_08_10-15-17,12367514.076440899,1.057214580476284,47.6260808,-122.3752114
19,2025_10_08_10-15-20,19.012005880596128,0.968047413489014,-5.94696044921875,15.101948738098145,47.6260805,-122.375197,12367515,2025_10_08_10-15-20,12367515.042965725,0.9665248263627291,47.6260734,-122.3752047
20,2025_10_08_10-15-22,20.064072867726264,1.0520669871301358,-6.7504706382751465,15.77270221710205,47.6260744,-122.3751869,12367516,2025_10_08_10-15-22,12367516.095955215,1.0529894903302193,47.6260662,-122.3751957
21,2025_10_08_10-15-25,21.03637730864123,0.9723044409149679,-7.447102069854736,16.42706871032715,47.6260593,-122.3751764,12367517,2025_10_08_10-15-25,12367517.062303081,0.9160658586770296,47.62606,-122.375187
22,2025_10_08_10-15-31,22.03068270865835,0.9943054000171188,-8.064452171325684,17.172353744506836,47.6260503,-122.3751712,12367518,2025_10_08_10-15-31,12367518.058411706,1.0463906321674585,47.6260544,-122.3751771
23,2025_10_08_10-15-34,23.123686743443006,1.0930040347846557,-8.776727676391602,17.99565315246582,47.6260487,-122.3751637,12367519,2025_10_08_10-15-33,12367519.154076211,0.9504545144736767,47.626048,-122.3751661
24,2025_10_08_10-15-36,24.04538852662571,0.921701783182705,-9.26016902923584,18.7718563079834,47.6260488,-122.3751441,12367520,2025_10_08_10-15-36,12367520.077074578,1.0682083573192358,47.6260437,-122.3751557
25,2025_10_08_10-15-42,25.027064288184324,0.9816757615586127,-9.616575241088867,19.623598098754883,47.6260402,-122.3751287,12367521,2025_10_08_10-15-42,12367521.055575985,0.9393097218126059,47.6260404,-122.3751444
26,2025_10_08_10-15-55,26.001006106626317,0.9739418184419932,-9.484025001525879,20.5018367767334,47.6260376,-122.3751168,12367522,2025_10_08_10-15-54,12367522.042890897,0.9921491611748934,47.6260416,-122.3751327
27,2025_10_08_10-16-10,27.00759126089262,1.006585154266304,-9.403609275817871,21.45686149597168,47.6260342,-122.3751145,12367523,2025_10_08_10-16-09,12367523.061659213,1.0021236594766378,47.6260424,-122.37512
28,2025_10_08_10-16-28,28.009063508533504,1.0014722476408835,-9.496016502380371,22.40671730041504,47.6260385,-122.3751051,12367524,2025_10_08_10-16-26,12367524.081060661,1.0102730933576822,47.6260414,-122.3751073
29,2025_10_08_10-16-41,29.0124787567932,1.0034152482596959,-9.872700691223145,22.62358856201172,47.6260384,-122.3751034,12367525,2025_10_08_10-16-41,12367525.079836834,1.0589066203683615,47.6260382,-122.3751044
30,2025_10_08_10-16-44,30.042756895784766,1.0302781389915658,-10.899957656860352,22.609291076660156,47.6260352,-122.3751013,12367526,2025_10_08_10-16-44,12367526.116586247,1.0367494132369757,47.6260289,-122.3751045
31,2025_10_08_10-16-47,31.008920071902644,0.9661631761178775,-11.858480453491211,22.48867416381836,47.626027,-122.3751061,12367527,2025_10_08_10-16-47,12367527.080772439,0.9641861915588379,47.6260203,-122.3751061
32,2025_10_08_10-16-58,32.01129697107302,1.002376899170379,-12.817418098449707,22.64496421813965,47.6259959,-122.3751183,12367528,2025_10_08_10-16-56,12367528.089168256,0.9301746785640717,47.6260117,-122.3751041
33,2025_10_08_10-17-27,33.07854111355922,1.0672441424861958,-13.501749038696289,22.67681121826172,47.6259998,-122.3751189,12367529,2025_10_08_10-17-27,12367529.17898879,1.0227195098996162,47.6260056,-122.3751036
34,2025_10_08_10-17-30,34.01169314143958,0.9331520278803609,-14.426009178161621,22.55192756652832,47.6260013,-122.3751146,12367530,2025_10_08_10-17-30,12367530.111645464,1.0779788363724947,47.6259973,-122.3751053
35,2025_10_08_10-17-33,35.044451831411244,1.032758689971665,-15.452361106872559,22.444490432739258,47.625993,-122.375118,12367531,2025_10_08_10-17-33,12367531.151956558,0.9291280526667833,47.625988,-122.3751067
36,2025_10_08_10-17-38,36.033026847956044,0.9885750165448002,-16.422719955444336,22.53584098815918,47.6259711,-122.3751358,12367532,2025_10_08_10-17-38,12367532.138590602,1.0085536371916533,47.6259793,-122.3751056
37,2025_10_08_10-17-41,37.001751118825936,0.9687242708698918,-17.387619018554688,22.580108642578125,47.6259596,-122.3751429,12367533,2025_10_08_10-17-41,12367533.09954868,0.9941241815686226,47.6259707,-122.375105
38,2025_10_08_10-17-53,38.01842248614553,1.0166713673195957,-18.115774154663086,23.11629295349121,47.6259629,-122.3751146,12367534,2025_10_08_10-17-53,12367534.14061039,1.0166356321424246,47.6259641,-122.3750978
39,2025_10_08_10-17-59,39.029623464225836,1.0112009780803035,-18.740468978881836,23.855144500732422,47.6259564,-122.3751104,12367535,2025_10_08_10-17-58,12367535.150988283,0.995894480496645,47.6259585,-122.375088
40,2025_10_08_10-18-03,40.07326540368989,1.0436419394640524,-19.76332664489746,24.00742530822754,47.6259448,-122.3751088,12367536,2025_10_08_10-18-02,12367536.194351131,0.9712330158799887,47.6259493,-122.375086
41,2025_10_08_10-18-06,41.03822232852469,0.9649569248348016,-20.724306106567383,24.017868041992188,47.6259373,-122.375107,12367537,2025_10_08_10-18-06,12367537.155700607,1.025912230834365,47.6259407,-122.3750858
42,2025_10_08_10-18-10,42.076523563627,1.0383012351023098,-21.746545791625977,24.020217895507812,47.6259344,-122.3750935,12367538,2025_10_08_10-18-09,12367538.192576403,1.0391030739992857,47.6259315,-122.3750857
43,2025_10_08_10-18-13,43.08377486598542,1.0072513023584193,-22.752914428710938,24.005373001098633,47.6259252,-122.3750926,12367539,2025_10_08_10-18-12,12367539.193731327,1.0014368202537298,47.6259225,-122.3750859
44,2025_10_08_10-18-16,44.075998813855726,0.9922239478703077,-23.738237380981445,23.89919662475586,47.6259183,-122.3750917,12367540,2025_10_08_10-18-16,12367540.190686166,0.9966729450970888,47.6259136,-122.3750873
45,2025_10_08_10-18-20,45.05932532922417,0.9833265153684465,-24.642040252685547,23.549320220947266,47.6259078,-122.3750891,12367541,2025_10_08_10-18-19,12367541.173946304,0.9971799440681934,47.6259055,-122.375092
46,2025_10_08_10-18-23,46.029852446775266,0.970527117551093,-25.525590896606445,23.150848388671875,47.6259095,-122.3750761,12367542,2025_10_08_10-18-23,12367542.150559388,0.9664798397570848,47.6258975,-122.3750973
47,2025_10_08_10-18-26,47.01108058985887,0.9812281430836052,-26.379451751708984,22.670866012573242,47.6259013,-122.3750816,12367543,2025_10_08_10-18-26,12367543.125216315,0.9772729631513357,47.6258899,-122.3751037
48,2025_10_08_10-18-30,48.07638826614837,1.0653076762894997,-27.330324172973633,22.192859649658203,47.6258828,-122.3751017,12367544,2025_10_08_10-18-29,12367544.194100527,0.9692118316888809,47.6258813,-122.37511
49,2025_10_08_10-18-34,49.032922429382566,0.9565341632341955,-28.245933532714844,21.927162170410156,47.6258823,-122.3750895,12367545,2025_10_08_10-18-33,12367545.14869419,1.064776623621583,47.6258731,-122.3751136
50,2025_10_08_10-18-40,50.02873845698591,0.9958160276033468,-29.203283309936523,22.014070510864258,47.6258948,-122.3750541,12367546,2025_10_08_10-18-40,12367546.145244686,0.9428577516227961,47.6258645,-122.3751124
51,2025_10_08_10-18-48,51.00664640778839,0.9779079508024751,-29.95231819152832,21.94120979309082,47.6258553,-122.375097,12367547,2025_10_08_10-18-46,12367547.103238314,1.0046697407960892,47.6258578,-122.3751134
52,2025_10_08_10-18-55,52.02068178803464,1.0140353802462556,-30.780689239501953,21.699237823486328,47.6258398,-122.3751168,12367548,2025_10_08_10-18-55,12367548.11611045,1.0198887642472982,47.6258503,-122.3751167
53,2025_10_08_10-19-05,53.00578790225503,0.9851061142203861,-30.601966857910156,22.286334991455078,47.625851,-122.3750834,12367549,2025_10_08_10-19-04,12367549.084484994,1.001494264230132,47.6258518,-122.3751089
54,2025_10_08_10-19-17,54.04641428808737,1.04062638583234,-30.96745491027832,23.01386070251465,47.6258442,-122.3750941,12367550,2025_10_08_10-19-16,12367550.121694138,0.9843918662518263,47.6258487,-122.3750992
55,2025_10_08_10-19-22,55.00371885293912,0.9573045648517535,-31.513826370239258,22.540971755981445,47.6258458,-122.375088,12367551,2025_10_08_10-19-22,12367551.07669612,1.0581329967826605,47.6258438,-122.3751054
56,2025_10_08_10-19-25,56.1045725588977,1.1008537059585777,-32.02631759643555,21.57398223876953,47.6258489,-122.3750881,12367552,2025_10_08_10-19-25,12367552.178021884,0.9950895607471466,47.6258392,-122.3751183
57,2025_10_08_10-19-30,57.006015271059255,0.901442712161554,-32.742801666259766,21.081632614135742,47.6258412,-122.3751058,12367553,2025_10_08_10-19-29,12367553.090409035,0.9376666564494371,47.6258327,-122.3751249
58,2025_10_08_10-19-34,58.06275258432104,1.0567373132617845,-33.42778015136719,20.29410743713379,47.6258448,-122.3751008,12367554,2025_10_08_10-19-33,12367554.146185681,1.0417263880372047,47.6258266,-122.3751354
59,2025_10_08_10-19-39,59.054693959010336,0.9919413746892971,-34.34077453613281,19.962730407714844,47.6258413,-122.3751072,12367555,2025_10_08_10-19-38,12367555.136227187,0.9590776655822992,47.6258184,-122.3751398
60,2025_10_08_10-19-43,60.02819603355895,0.9735020745486125,-35.30464553833008,19.846559524536133,47.625814,-122.3751364,12367556,2025_10_08_10-19-43,12367556.1134418,1.0249951761215925,47.6258097,-122.3751413
61,2025_10_08_10-19-51,61.0092835692079,0.9810875356489532,-35.90974807739258,19.840129852294922,47.6258184,-122.3751141,12367557,2025_10_08_10-19-49,12367557.093101839,0.9662084691226482,47.6258042,-122.3751415
62,2025_10_08_10-20-00,62.004999597102156,0.9957160278942538,-35.25032424926758,19.81847381591797,47.6258266,-122.3751022,12367558,2025_10_08_10-20-00,12367558.086073847,1.0208794809877872,47.6258101,-122.3751418
63,2025_10_08_10-20-12,63.04918270369856,1.0441831065964067,-34.3477668762207,20.2927188873291,47.6258428,-122.3750944,12367559,2025_10_08_10-20-12,12367559.137311945,1.0129468571394682,47.6258182,-122.3751355
64,2025_10_08_10-20-23,64.01664596619283,0.9674632624942632,-33.59265899658203,20.750930786132812,47.6258347,-122.3751098,12367560,2025_10_08_10-20-21,12367560.110302234,0.9848334547132254,47.625825,-122.3751293
65,2025_10_08_10-20-35,65.00190109783851,0.9852551316456868,-33.08992385864258,21.048112869262695,47.6258513,-122.3750924,12367561,2025_10_08_10-20-33,12367561.072949352,0.9805125575512648,47.6258295,-122.3751254
66,2025_10_08_10-20-57,66.00129563614394,0.9993945383054239,-32.2763671875,20.92354965209961,47.6258369,-122.3751263,12367562,2025_10_08_10-20-56,12367562.0781645,1.007284041494131,47.6258368,-122.375127
67,2025_10_08_10-21-17,67.01379400833302,1.0124983721890857,-31.66600799560547,20.2843074798584,47.6258306,-122.3751697,12367563,2025_10_08_10-21-16,12367563.109809618,1.0241377614438534,47.6258423,-122.3751355
68,2025_10_08_10-21-31,68.02091508962785,1.0071210812948266,-31.54933738708496,19.556167602539062,47.625827,-122.3751963,12367564,2025_10_08_10-21-30,12367564.102833085,0.9785929340869188,47.6258433,-122.3751452
69,2025_10_08_10-21-46,69.01081686459155,0.9899017749636982,-31.5998477935791,18.6530704498291,47.6258299,-122.3751947,12367565,2025_10_08_10-21-44,12367565.10753167,0.9967667162418365,47.6258429,-122.3751572
70,2025_10_08_10-21-59,70.003067687816,0.9922508232244525,-31.720266342163086,17.733701705932617,47.6258215,-122.3752312,12367566,2025_10_08_10-21-58,12367566.113415033,0.9987825620919466,47.6258419,-122.3751695
71,2025_10_08_10-22-08,71.06883052853263,1.06576284071663,-32.20125198364258,16.899377822875977,47.6258236,-122.3752413,12367567,2025_10_08_10-22-07,12367567.180292735,1.0643384996801615,47.6258376,-122.3751806
72,2025_10_08_10-22-11,72.00265757466369,0.9338270461310572,-33.06782913208008,16.554672241210938,47.6258278,-122.3751936,12367568,2025_10_08_10-22-10,12367568.115548147,0.9745955020189285,47.6258298,-122.3751852
73,2025_10_08_10-22-15,73.01979906589732,1.0171414912336303,-34.0552864074707,16.313873291015625,47.6258193,-122.3751924,12367569,2025_10_08_10-22-14,12367569.134914536,0.9980239793658257,47.6258209,-122.3751884
74,2025_10_08_10-22-19,74.04626008741208,1.0264610215147627,-35.015716552734375,15.956010818481445,47.6258065,-122.3752126,12367570,2025_10_08_10-22-18,12367570.15951812,0.9963824860751629,47.6258123,-122.3751932
75,2025_10_08_10-22-25,75.00396792046328,0.9577078330512023,-35.93867492675781,15.71768856048584,47.6258066,-122.3751839,12367571,2025_10_08_10-22-24,12367571.119445665,0.9779773950576782,47.625804,-122.3751964
76,2025_10_08_10-22-48,76.03059241491944,1.0266244944561578,-35.3479118347168,16.252126693725586,47.6258086,-122.3751798,12367572,2025_10_08_10-22-47,12367572.166608108,1.0190217215567827,47.6258092,-122.3751893
77,2025_10_08_10-22-56,77.00189964566857,0.971307230749133,-34.49945068359375,16.689416885375977,47.6258143,-122.3751754,12367573,2025_10_08_10-22-55,12367573.13566894,1.0049588289111853,47.6258168,-122.3751835
78,2025_10_08_10-23-04,78.02312181986142,1.0212221741928431,-33.52043533325195,16.97161102294922,47.6258263,-122.3751602,12367574,2025_10_08_10-23-03,12367574.160853187,0.9613742120563984,47.6258256,-122.3751797
79,2025_10_08_10-23-11,79.0331068848516,1.0099850649901896,-32.574607849121094,17.3134822845459,47.6258376,-122.3751506,12367575,2025_10_08_10-23-11,12367575.173382144,1.0505318716168404,47.6258341,-122.3751752
80,2025_10_08_10-23-18,80.02043147189939,0.9873245870477803,-31.667816162109375,17.698497772216797,47.6258524,-122.3751351,12367576,2025_10_08_10-23-17,12367576.167839056,0.9648489840328693,47.6258423,-122.37517
81,2025_10_08_10-23-24,81.04198191404896,1.0215504421495751,-30.702510833740234,18.027006149291992,47.6258478,-122.3751511,12367577,2025_10_08_10-23-23,12367577.1795542,0.999182803556323,47.6258509,-122.3751657
82,2025_10_08_10-23-31,82.02397102655749,0.9819891125085292,-29.769681930541992,18.326059341430664,47.6258617,-122.3751384,12367578,2025_10_08_10-23-30,12367578.16599317,0.9918575007468462,47.6258593,-122.3751617
83,2025_10_08_10-23-37,83.04106834519436,1.0170973186368713,-28.837736129760742,18.726268768310547,47.6258611,-122.3751482,12367579,2025_10_08_10-23-36,12367579.18710559,1.0127759966999292,47.6258677,-122.3751564
84,2025_10_08_10-23-45,84.01428114103146,0.9732127958370995,-28.051673889160156,19.282306671142578,47.625888,-122.3751133,12367580,2025_10_08_10-23-44,12367580.170860669,1.0280092880129814,47.6258748,-122.3751489
85,2025_10_08_10-23-50,85.06553731000326,1.051256168971804,-27.20698356628418,19.906198501586914,47.6259028,-122.3750986,12367581,2025_10_08_10-23-49,12367581.21466951,0.9580884464085102,47.6258823,-122.3751406
86,2025_10_08_10-23-56,86.02728437287294,0.9617470628696765,-26.465152740478516,20.516794204711914,47.625898,-122.3751128,12367582,2025_10_08_10-23-55,12367582.179699719,1.0104888826608658,47.625889,-122.3751325
87,2025_10_08_10-24-02,87.06147573852444,1.0341913656514947,-25.652048110961914,21.155305862426758,47.6259063,-122.3751044,12367583,2025_10_08_10-24-01,12367583.214748167,1.0125408433377743,47.6258963,-122.375124
88,2025_10_08_10-24-08,88.00458687089582,0.943111132371385,-24.913875579833984,21.74058723449707,47.6259013,-122.3751176,12367584,2025_10_08_10-24-07,12367584.157647835,1.0124850329011679,47.6259029,-122.3751162
89,2025_10_08_10-24-15,89.00502889636745,1.000442025471628,-24.068954467773438,22.260177612304688,47.6259105,-122.3751104,12367585,2025_10_08_10-24-14,12367585.163964665,0.9630583431571722,47.6259105,-122.3751092
90,2025_10_08_10-24-23,90.0006945008775,0.9956656045100516,-23.165971755981445,22.670373916625977,47.6259144,-122.3751184,12367586,2025_10_08_10-24-22,12367586.159819653,0.9944317899644375,47.6259186,-122.3751038
91,2025_10_08_10-24-32,91.0337527644498,1.0330582635723005,-22.2274169921875,23.097347259521484,47.6259183,-122.3751217,12367587,2025_10_08_10-24-31,12367587.202830195,1.013774773105979,47.6259271,-122.3750981
92,2025_10_08_10-24-43,92.00011156912464,0.9663588046748401,-21.365924835205078,23.511211395263672,47.6259278,-122.3751128,12367588,2025_10_08_10-24-41,12367588.172348931,1.0182455014437437,47.6259348,-122.3750926
93,2025_10_08_10-24-52,93.01118578055969,1.0110742114350444,-20.380949020385742,23.64967155456543,47.6259316,-122.3751195,12367589,2025_10_08_10-24-50,12367589.192841325,0.9784510470926762,47.6259437,-122.3750907
94,2025_10_08_10-25-03,94.0131252153696,1.0019394348099127,-19.441143035888672,23.531660079956055,47.6259393,-122.3751216,12367590,2025_10_08_10-25-01,12367590.189125389,1.003647405654192,47.6259521,-122.3750922
95,2025_10_08_10-25-13,95.01961765545043,1.0064924400808337,-18.456005096435547,23.42532730102539,47.6259497,-122.3751168,12367591,2025_10_08_10-25-11,12367591.204524573,0.9938922263681889,47.625961,-122.3750936
96,2025_10_08_10-25-24,96.00648806354823,0.9868704080978006,-17.5977725982666,23.09462547302246,47.6259647,-122.3751037,12367592,2025_10_08_10-25-22,12367592.19839017,1.009014070034027,47.6259687,-122.3750981
97,2025_10_08_10-25-31,97.01369094660399,1.0072028830557542,-16.643810272216797,23.413028717041016,47.6259802,-122.3750898,12367593,2025_10_08_10-25-30,12367593.198772334,0.9946391489356756,47.6259772,-122.3750939
98,2025_10_08_10-25-38,98.021379615967,1.00768866936302,-15.681844711303711,23.70614242553711,47.625992,-122.3750778,12367594,2025_10_08_10-25-37,12367594.213589432,1.029412193223834,47.6259859,-122.37509
99,2025_10_08_10-25-46,99.01733175350579,0.9959521375387794,-14.712774276733398,23.923851013183594,47.6259962,-122.3750754,12367595,2025_10_08_10-25-45,12367595.210398097,0.9877373110502958,47.6259946,-122.3750871
100,2025_10_08_10-25-53,100.01252713310855,0.9951953796027624,-13.753928184509277,24.181108474731445,47.6260071,-122.3750679,12367596,2025_10_08_10-25-52,12367596.206527205,0.9858462493866682,47.6260032,-122.3750836
101,2025_10_08_10-26-01,101.03234229812563,1.0198151650170786,-12.757290840148926,24.370983123779297,47.6260177,-122.375056,12367597,2025_10_08_10-26-00,12367597.223414505,1.017943911254406,47.6260121,-122.3750811
102,2025_10_08_10-26-08,102.01037690104275,0.9780346029171199,-11.833575248718262,24.664386749267578,47.6260249,-122.3750498,12367598,2025_10_08_10-26-07,12367598.204321261,0.9827143587172031,47.6260204,-122.3750772
103,2025_10_08_10-26-16,103.01088229700187,1.0005053959591237,-10.862504959106445,24.87755012512207,47.6260259,-122.3750492,12367599,2025_10_08_10-26-15,12367599.214222258,1.0141022074967623,47.6260292,-122.3750744
104,2025_10_08_10-26-25,104.0248885283078,1.0140062313059275,-9.870132446289062,25.038898468017578,47.626036,-122.3750467,12367600,2025_10_08_10-26-23,12367600.230688415,0.9970355778932571,47.6260381,-122.3750722
105,2025_10_08_10-26-33,105.04672274454236,1.0218342162345664,-8.884317398071289,25.290569305419922,47.6260632,-122.3750334,12367601,2025_10_08_10-26-31,12367601.249168545,1.0014131218194962,47.6260469,-122.3750689
106,2025_10_08_10-26-40,106.01406554295085,0.967342798408481,-7.954453468322754,25.551013946533203,47.6260712,-122.3750344,12367602,2025_10_08_10-26-38,12367602.221974755,0.9981957320123911,47.6260553,-122.3750654
107,2025_10_08_10-26-46,107.02979949490336,1.0157339519525124,-6.991865158081055,25.873416900634766,47.6260915,-122.375031,12367603,2025_10_08_10-26-44,12367603.233988907,0.9846432041376829,47.6260639,-122.3750611
108,2025_10_08_10-26-52,108.0375731523632,1.0077736574598362,-6.023040294647217,26.1420841217041,47.626078,-122.3750357,12367604,2025_10_08_10-26-51,12367604.242746307,0.9998262319713831,47.6260726,-122.3750575
109,2025_10_08_10-26-59,109.00170639526443,0.9641332429012408,-5.090362548828125,26.36164093017578,47.626086,-122.3750359,12367605,2025_10_08_10-26-58,12367605.210409325,1.009849051013589,47.626081,-122.3750546
110,2025_10_08_10-27-08,110.00421925893912,1.0025128636746814,-4.141279220581055,26.65042495727539,47.6260898,-122.3750382,12367606,2025_10_08_10-27-06,12367606.213394731,0.9885732755064964,47.6260895,-122.3750507
111,2025_10_08_10-27-16,111.01317658740192,1.0089573284627988,-3.1769723892211914,26.935962677001953,47.6260933,-122.3750432,12367607,2025_10_08_10-27-14,12367607.228314372,1.003462703898549,47.6260982,-122.3750469
112,2025_10_08_10-27-24,112.00453419679324,0.9913576093913292,-2.204167604446411,27.116491317749023,47.6261054,-122.3750484,12367608,2025_10_08_10-27-22,12367608.216772925,1.000957578420639,47.6261069,-122.3750445
113,2025_10_08_10-27-32,113.03355303409008,1.0290188372968316,-1.1777102947235107,27.177797317504883,47.6261156,-122.3750506,12367609,2025_10_08_10-27-30,12367609.256232109,1.0180589649826288,47.6261162,-122.3750437
114,2025_10_08_10-27-40,114.02142336332201,0.9878703292319386,-0.19270046055316925,27.14383888244629,47.6261164,-122.3750516,12367610,2025_10_08_10-27-38,12367610.238838406,0.9824005924165249,47.626125,-122.3750441
115,2025_10_08_10-27-52,115.00598350134891,0.9845601380268931,0.7662521004676819,27.31842803955078,47.6261183,-122.3750571,12367611,2025_10_08_10-27-49,12367611.22335078,0.9921166691929102,47.6261336,-122.3750418
116,2025_10_08_10-28-00,116.03078012573398,1.0247966243850755,1.780288815498352,27.395183563232422,47.6261455,-122.3750506,12367612,2025_10_08_10-27-58,12367612.247689413,1.005616033449769,47.6261427,-122.3750407
117,2025_10_08_10-28-08,117.00257574852432,0.9717956227903386,2.7391602993011475,27.506574630737305,47.6261546,-122.3750493,12367613,2025_10_08_10-28-06,12367613.230080672,0.9902785681188107,47.6261514,-122.3750393
118,2025_10_08_10-28-17,118.03843453964853,1.0358587911242125,3.761965751647949,27.643787384033203,47.6261671,-122.3750406,12367614,2025_10_08_10-28-15,12367614.257796612,1.0194036532193422,47.6261605,-122.3750375
119,2025_10_08_10-28-24,119.00590395245158,0.967469412803041,4.711821556091309,27.818466186523438,47.6261803,-122.3750335,12367615,2025_10_08_10-28-23,12367615.23288023,1.0086882505565882,47.6261691,-122.3750352
120,2025_10_08_10-28-35,120.01085563139597,1.0049516789443942,5.52680778503418,27.797243118286133,47.6261898,-122.3750317,12367616,2025_10_08_10-28-33,12367616.216256024,0.9934333991259336,47.6261764,-122.3750354
121,2025_10_08_10-28-54,121.00981823062273,0.9989625992267577,5.909487724304199,28.604713439941406,47.6261997,-122.3750221,12367617,2025_10_08_10-28-49,12367617.244384019,0.9877541642636061,47.6261799,-122.3750247
122,2025_10_08_10-29-15,122.02186821303538,1.0120499824126483,6.248177528381348,28.88324546813965,47.6261888,-122.3750058,12367618,2025_10_08_10-29-12,12367618.237806773,1.003427553921938,47.6261829,-122.375021
123,2025_10_08_10-29-24,123.01076708856908,0.9888988755337067,7.034267425537109,29.249238967895508,47.6261861,-122.375004,12367619,2025_10_08_10-29-22,12367619.225612838,1.0062204115092754,47.6261899,-122.3750161
124,2025_10_08_10-29-37,124.01487094492732,1.0041038563582418,7.976047992706299,29.519542694091797,47.6262017,-122.3750081,12367620,2025_10_08_10-29-35,12367620.2444492,0.9919698536396027,47.6261984,-122.3750125
125,2025_10_08_10-29-46,125.00586731796746,0.990996373040133,8.914472579956055,29.8240909576416,47.6262192,-122.375012,12367621,2025_10_08_10-29-44,12367621.234611155,0.9887084662914276,47.6262068,-122.3750084
126,2025_10_08_10-29-54,126.00879275202965,1.0029254340621918,9.9028902053833,29.936256408691406,47.6262287,-122.3750136,12367622,2025_10_08_10-29-52,12367622.239792367,1.0036856960505247,47.6262157,-122.3750068
127,2025_10_08_10-30-02,127.00332440343885,0.9945316514092042,10.867115020751953,29.78983497619629,47.6262252,-122.3750096,12367623,2025_10_08_10-30-00,12367623.243722811,1.0140493512153625,47.6262244,-122.3750088
128,2025_10_08_10-30-12,128.0046783715028,1.0013539680639383,11.86160945892334,29.80021095275879,47.6262332,-122.3750136,12367624,2025_10_08_10-30-10,12367624.243239455,0.9992800857871771,47.6262333,-122.3750087
129,2025_10_08_10-30-27,129.01533645034107,1.0106580788382757,12.822517395019531,29.721044540405273,47.6262389,-122.3750181,12367625,2025_10_08_10-30-23,12367625.252549382,0.9944465234875679,47.6262419,-122.3750097
130,2025_10_08_10-30-43,130.01692622010222,1.0015897697611535,13.77148723602295,29.824417114257812,47.6262364,-122.3750196,12367626,2025_10_08_10-30-39,12367626.266742177,0.9913267064839602,47.6262505,-122.3750083
131,2025_10_08_10-30-56,131.00852254241073,0.99159632230851,14.674814224243164,29.493099212646484,47.6262409,-122.375024,12367627,2025_10_08_10-30-53,12367627.261985477,1.003885481506586,47.6262586,-122.3750127
132,2025_10_08_10-31-05,132.0357011214112,1.0271785790004628,15.61404037475586,29.10811424255371,47.6262698,-122.3750367,12367628,2025_10_08_10-31-03,12367628.293241886,1.0112472344189882,47.626267,-122.3750179
133,2025_10_08_10-31-36,133.00846412660962,0.9727630051984306,15.944985389709473,28.993854522705078,47.6262902,-122.3750347,12367629,2025_10_08_10-31-28,12367629.26316061,0.9862549751996994,47.62627,-122.3750195
134,2025_10_08_10-31-49,134.0124376656489,1.003973539039265,16.335601806640625,29.038179397583008,47.6262761,-122.3750043,12367630,2025_10_08_10-31-46,12367630.191735191,1.0264081209897995,47.6262736,-122.3750188
135,2025_10_08_10-31-56,135.0398089805802,1.0273713149313153,15.75211238861084,29.001480102539062,47.6262761,-122.3750043,12367631,2025_10_08_10-31-56,12367631.190140987,1.0787443052977324,47.6262684,-122.3750193
136,2025_10_08_10-31-58,136.6699970463887,1.6301880658084826,15.115772247314453,30.191118240356445,47.6262613,-122.3749828,12367632,2025_10_08_10-31-58,12367632.82453195,1.7125811986625195,47.6262626,-122.3750034
137,2025_10_08_10-31-59,137.28594004498288,0.6159429985941927,14.806178092956543,30.723600387573242,47.6262613,-122.3749828,12367633,2025_10_08_10-31-59,12367633.430286897,0.6057549472898245,47.6262599,-122.3749964
138,2025_10_08_10-32-02,138.2134610422443,0.9275209972614107,14.676533699035645,30.325838088989258,47.6262604,-122.3749996,12367634,2025_10_08_10-32-01,12367634.348507391,0.5989067759364843,47.6262586,-122.3750016
139,2025_10_08_10-32-04,139.05786416915933,0.84440312691504,15.168911933898926,29.676755905151367,47.626269,-122.3750145,12367635,2025_10_08_10-32-03,12367635.191305906,1.0539149269461632,47.626263,-122.3750103
140,2025_10_08_10-32-07,140.04092479667756,0.9830606275182276,14.468228340148926,29.18455696105957,47.6262728,-122.3750203,12367636,2025_10_08_10-32-07,12367636.177497173,1.0272858366370201,47.6262568,-122.375017
141,2025_10_08_10-32-13,141.04158281544122,1.0006580187636587,13.776472091674805,28.94343376159668,47.6262699,-122.3750189,12367637,2025_10_08_10-32-12,12367637.156669747,0.9778927192091942,47.6262506,-122.3750201
142,2025_10_08_10-32-17,142.03044071874976,0.9888579033085421,13.311311721801758,28.90737533569336,47.6262619,-122.3750162,12367638,2025_10_08_10-32-16,12367638.144396782,0.9811333548277617,47.6262464,-122.3750206
143,2025_10_08_10-32-26,143.016284112026,0.9858433932762409,13.214425086975098,28.77822494506836,47.626257,-122.3750151,12367639,2025_10_08_10-32-24,12367639.097687803,0.9393921531736851,47.6262455,-122.3750223
144,2025_10_08_10-32-33,144.0825829815176,1.0662988694915896,12.369044303894043,28.62251853942871,47.6262372,-122.3750108,12367640,2025_10_08_10-32-32,12367640.15019028,1.0401900168508291,47.626238,-122.3750243
145,2025_10_08_10-32-36,145.06191645694958,0.9793334754319858,11.400383949279785,28.547191619873047,47.6262391,-122.3750265,12367641,2025_10_08_10-32-35,12367641.127175713,0.9889095835387707,47.6262293,-122.3750254
146,2025_10_08_10-32-39,146.12018302737238,1.058266570422802,10.365642547607422,28.737680435180664,47.6262233,-122.3750135,12367642,2025_10_08_10-32-39,12367642.184757497,1.0316689256578684,47.62622,-122.3750229
147,2025_10_08_10-32-42,147.0988384313014,0.9786554039290252,9.431591987609863,29.02671241760254,47.626214,-122.3750121,12367643,2025_10_08_10-32-42,12367643.163242195,0.9633098542690277,47.6262116,-122.3750191
148,2025_10_08_10-32-45,148.0874724997729,0.988634068471498,8.489583015441895,29.32347869873047,47.6262031,-122.3750091,12367644,2025_10_08_10-32-44,12367644.156111294,0.9928690977394581,47.6262031,-122.3750151
149,2025_10_08_10-32-48,149.03514845472546,0.9476759549525582,7.631897926330566,29.710796356201172,47.6261978,-122.3750098,12367645,2025_10_08_10-32-47,12367645.103399418,1.0239570662379265,47.6261954,-122.3750099
150,2025_10_08_10-32-52,150.03897066569687,1.003822210971407,6.64530086517334,29.637144088745117,47.6261856,-122.3750065,12367646,2025_10_08_10-32-52,12367646.110696366,1.0609791576862335,47.6261865,-122.3750108
151,2025_10_08_10-32-55,151.06553797062986,1.0265673049329962,5.666569709777832,29.33891487121582,47.6261808,-122.3750104,12367647,2025_10_08_10-32-54,12367647.127103329,0.9066492449492216,47.6261778,-122.3750148
152,2025_10_08_10-32-57,152.03575223305663,0.9702142624267651,4.752413272857666,29.016233444213867,47.6261712,-122.3750184,12367648,2025_10_08_10-32-57,12367648.105907861,1.088562250137329,47.6261695,-122.3750191
153,2025_10_08_10-33-00,153.11983656675199,1.0840843336953583,3.7341485023498535,28.6597843170166,47.6261519,-122.3750229,12367649,2025_10_08_10-33-00,12367649.183679119,0.9577901121228933,47.6261604,-122.3750238
154,2025_10_08_10-33-03,154.0285477960246,0.908711229272626,2.8930602073669434,28.321533203125,47.6261466,-122.375024,12367650,2025_10_08_10-33-03,12367650.098615812,1.034917838871479,47.6261528,-122.3750284
155,2025_10_08_10-33-05,155.05513542293818,1.0265876269135674,1.9575223922729492,27.90420150756836,47.6261377,-122.3750363,12367651,2025_10_08_10-33-05,12367651.12282025,1.0242044385522604,47.6261444,-122.3750339
156,2025_10_08_10-33-08,156.0243941979326,0.9692587749944153,1.0545299053192139,27.554601669311523,47.626131,-122.3750399,12367652,2025_10_08_10-33-08,12367652.091588603,0.9687683526426554,47.6261363,-122.3750386
157,2025_10_08_10-33-11,157.04741479227857,1.0230205943459794,0.08780786395072937,27.224655151367188,47.6261191,-122.3750502,12367653,2025_10_08_10-33-11,12367653.115706407,1.0241178032010794,47.6261276,-122.375043
158,2025_10_08_10-33-13,158.1087121511603,1.061297358881717,-0.9122994542121887,26.871423721313477,47.6261147,-122.3750534,12367654,2025_10_08_10-33-13,12367654.167478139,0.9365954138338566,47.6261187,-122.3750477
159,2025_10_08_10-33-17,159.0124447686927,0.9037326175323983,-1.7727206945419312,26.600317001342773,47.6260975,-122.3750624,12367655,2025_10_08_10-33-17,12367655.077491088,0.9651307854801416,47.6261109,-122.3750513
160,2025_10_08_10-33-27,160.08722886988002,1.0747841011873334,-2.757761240005493,26.283004760742188,47.6260819,-122.3750683,12367656,2025_10_08_10-33-27,12367656.145658009,1.0343351252377033,47.6261021,-122.3750555
161,2025_10_08_10-33-32,161.06859675127197,0.9813678813919466,-2.959623336791992,25.52623176574707,47.6260744,-122.3750762,12367657,2025_10_08_10-33-32,12367657.11964321,0.9701636098325253,47.6261003,-122.3750656
162,2025_10_08_10-33-35,162.04320631550314,0.974609564231173,-2.87426495552063,24.562828063964844,47.6260843,-122.3750836,12367658,2025_10_08_10-33-35,12367658.102819376,1.0049071852117777,47.6261009,-122.3750785
163,2025_10_08_10-33-41,163.06366555988166,1.0204592443785145,-3.5289175510406494,23.976806640625,47.6260957,-122.3750955,12367659,2025_10_08_10-33-41,12367659.104868406,0.9749120250344276,47.6260951,-122.3750863
164,2025_10_08_10-33-45,164.09678975255235,1.033124192670698,-4.293373107910156,23.298343658447266,47.6260901,-122.375106,12367660,2025_10_08_10-33-44,12367660.130031366,1.0299300029873848,47.6260883,-122.3750953
165,2025_10_08_10-33-52,165.00329639724524,0.9065066446928824,-4.397116184234619,23.06742286682129,47.6260853,-122.3751078,12367661,2025_10_08_10-33-52,12367661.022581303,0.9909007493406534,47.6260872,-122.3750985
166,2025_10_08_10-34-00,166.0538407921863,1.0505443949410562,-4.71919059753418,22.859254837036133,47.6260954,-122.3751022,12367662,2025_10_08_10-34-00,12367662.070015319,1.047434015199542,47.6260845,-122.3751012
167,2025_10_08_10-34-03,167.04396080004133,0.9901200078550403,-5.65502405166626,22.53944206237793,47.6260881,-122.3751049,12367663,2025_10_08_10-34-03,12367663.068560068,0.9985447488725185,47.626076,-122.3751054
168,2025_10_08_10-34-07,168.0529429498577,1.0089821498163758,-6.645129203796387,22.359912872314453,47.6260782,-122.3751041,12367664,2025_10_08_10-34-07,12367664.066870192,0.998310124501586,47.6260672,-122.3751078
169,2025_10_08_10-34-10,169.06708222625466,1.0141392763969463,-7.633986949920654,22.138242721557617,47.6260746,-122.375105,12367665,2025_10_08_10-34-10,12367665.083229719,1.0163595266640186,47.6260583,-122.3751108
170,2025_10_08_10-34-13,170.0611699769418,0.9940877506871573,-8.612561225891113,21.964189529418945,47.6260608,-122.3751068,12367666,2025_10_08_10-34-13,12367666.07702308,0.993793360888958,47.6260495,-122.3751131
171,2025_10_08_10-34-15,171.05450184378608,0.9933318668442723,-9.591525077819824,21.816408157348633,47.6260551,-122.3751073,12367667,2025_10_08_10-34-15,12367667.069600204,0.9925771243870258,47.6260407,-122.3751151
172,2025_10_08_10-34-18,172.03306415722383,0.9785623134377488,-10.55836009979248,21.85953140258789,47.6260433,-122.3751061,12367668,2025_10_08_10-34-18,12367668.04624765,0.9766474459320307,47.626032,-122.3751146
173,2025_10_08_10-34-21,173.09688510997174,1.0638209527479034,-11.618082046508789,21.90755271911621,47.6260301,-122.3751076,12367669,2025_10_08_10-34-21,12367669.107900778,1.0616531278938055,47.6260225,-122.3751139
174,2025_10_08_10-34-24,174.0626066460527,0.965721536080963,-12.578202247619629,21.884397506713867,47.6260267,-122.3751003,12367670,2025_10_08_10-34-24,12367670.06965346,0.9617526829242706,47.6260139,-122.3751142
175,2025_10_08_10-34-27,175.05207324468523,0.9894665986325322,-13.348608016967773,21.317228317260742,47.6260171,-122.3751043,12367671,2025_10_08_10-34-27,12367671.064225934,0.9945724736899137,47.6260069,-122.3751217
176,2025_10_08_10-34-30,176.07663889540513,1.024565650719893,-14.067670822143555,20.58907699584961,47.6260123,-122.3751104,12367672,2025_10_08_10-34-30,12367672.084209707,1.019983772188425,47.6260005,-122.3751314
177,2025_10_08_10-34-33,177.04404204954457,0.967403154139447,-14.689658164978027,19.868955612182617,47.6259918,-122.3751313,12367673,2025_10_08_10-34-33,12367673.053871363,0.9696616567671299,47.6259949,-122.375141
178,2025_10_08_10-34-36,178.02161059270045,0.9775685431558827,-15.131661415100098,19.003890991210938,47.6259843,-122.3751404,12367674,2025_10_08_10-34-36,12367674.032766864,0.9788955003023148,47.6259909,-122.3751525
179,2025_10_08_10-34-38,179.04380822292924,1.0221976302287885,-15.672613143920898,18.13918113708496,47.6259875,-122.3751485,12367675,2025_10_08_10-34-38,12367675.057582704,1.0248158406466246,47.6259861,-122.3751641
180,2025_10_08_10-34-47,180.0145970418649,0.9707888189356595,-16.225547790527344,17.378978729248047,47.6259742,-122.3751725,12367676,2025_10_08_10-34-46,12367676.0326743,0.9616710264235735,47.6259811,-122.3751742
181,2025_10_08_10-35-05,181.0575867430625,1.0429897011975982,-16.58260154724121,17.89281463623047,47.6259775,-122.3751577,12367677,2025_10_08_10-35-04,12367677.09979851,0.9983130972832441,47.6259779,-122.3751674
182,2025_10_08_10-35-09,182.02800140958598,0.9704146665234816,-16.792816162109375,16.954402923583984,47.6259766,-122.3751646,12367678,2025_10_08_10-35-08,12367678.072554704,1.024922613054514,47.625976,-122.3751799
183,2025_10_08_10-35-33,183.0012929955656,0.9732915859796094,-17.333669662475586,16.978797912597656,47.6259527,-122.3752017,12367679,2025_10_08_10-35-32,12367679.092415996,0.9657287523150444,47.6259711,-122.3751795
184,2025_10_08_10-35-53,184.00470091280874,1.0034079172431518,-18.120580673217773,16.490293502807617,47.6259551,-122.3751984,12367680,2025_10_08_10-35-51,12367680.095422234,1.0124140102416277,47.6259641,-122.3751861
185,2025_10_08_10-36-16,185.01416230399832,1.009461391189575,-18.562671661376953,15.668783187866211,47.6259466,-122.3752235,12367681,2025_10_08_10-36-14,12367681.13115793,0.9931989200413227,47.6259601,-122.375197
186,2025_10_08_10-36-26,186.03896632390817,1.0248040199098511,-17.950092315673828,15.20999526977539,47.6259434,-122.3751859,12367682,2025_10_08_10-36-25,12367682.156592732,1.0283169690519571,47.6259655,-122.3752032
187,2025_10_08_10-36-33,187.0253066321904,0.9863403082822231,-17.29926109313965,14.837127685546875,47.6259546,-122.3751965,12367683,2025_10_08_10-36-33,12367683.125975842,0.9866339638829231,47.6259713,-122.3752081
188,2025_10_08_10-36-39,188.00179081375737,0.976484181566974,-16.38355255126953,14.634675025939941,47.6259729,-122.3751842,12367684,2025_10_08_10-36-38,12367684.10506285,0.9964560158550739,47.6259796,-122.3752108
189,2025_10_08_10-36-46,189.00637744967048,1.004586635913114,-15.590882301330566,14.30722427368164,47.6259729,-122.3751842,12367685,2025_10_08_10-36-45,12367685.103578096,0.9808108471333981,47.6259867,-122.3752152
190,2025_10_08_10-36-54,190.0785700957594,1.0721926460889222,-15.398783683776855,14.535717010498047,47.6259729,-122.3751842,12367686,2025_10_08_10-36-54,12367686.195075562,0.9986205138266087,47.6259884,-122.3752121
191,2025_10_08_10-37-00,192.87034776823972,2.791777672480322,-14.43213176727295,16.624353408813477,47.6259971,-122.3751842,12367688,2025_10_08_10-37-00,12367688.987180302,0.0,47.6259971,-122.3751844
192,2025_10_08_10-37-00,192.87034776823972,0.0,-14.43213176727295,16.624353408813477,47.6259971,-122.3751842,12367688,2025_10_08_10-37-00,12367688.987180302,0.0,47.6259971,-122.3751844
193,2025_10_08_10-37-02,193.04887313485295,0.17852536661322915,-14.561750411987305,16.506149291992188,47.6259955,-122.3751861,12367689,2025_10_08_10-37-01,12367689.148524016,0.1031179390847683,47.625996,-122.3751858
194,2025_10_08_10-37-14,194.03545682821476,0.9865836933618084,-13.782772064208984,16.3334903717041,47.6259966,-122.375191,12367690,2025_10_08_10-37-12,12367690.12681818,0.9342804662883282,47.626003,-122.3751881
195,2025_10_08_10-37-23,195.00902490623065,0.9735680780158873,-12.880132675170898,16.564809799194336,47.6260156,-122.3751769,12367691,2025_10_08_10-37-23,12367691.084115885,0.9887599516659975,47.626011,-122.3751852
196,2025_10_08_10-37-33,196.03282456274647,1.0237996565158198,-11.964299201965332,16.7656307220459,47.6260262,-122.375173,12367692,2025_10_08_10-37-33,12367692.119575499,1.00651079043746,47.6260193,-122.3751825
197,2025_10_08_10-37-44,197.00915039923993,0.9763258364934586,-11.062044143676758,17.084211349487305,47.6260265,-122.3751767,12367693,2025_10_08_10-37-42,12367693.104206108,0.9977133758366108,47.6260274,-122.3751782
198,2025_10_08_10-38-01,198.00682194332472,0.9976715440847954,-10.161186218261719,17.102201461791992,47.6260367,-122.3751783,12367694,2025_10_08_10-37-59,12367694.114547415,0.9927794821560383,47.6260355,-122.375178
199,2025_10_08_10-38-19,199.04728563481092,1.0404636914861953,-9.417215347290039,16.683656692504883,47.6260376,-122.3751862,12367695,2025_10_08_10-38-18,12367695.174646273,1.0005225501954556,47.6260422,-122.3751835
